Data,Bebidas_Cantidad,Bebidas_Ventas,Comida_Cantidad,Comida_Ventas,Otros_Cantitdad,Otros_Ventas,Total_Cantidad,Total_Ventas,,,
02/01/2019,298,603.15,216,624.75,22,31.60,536,1259.50,,,
03/01/2019,339,720.30,260,785.80,19,47.40,618,1553.50,,,
04/01/2019,354,786.80,272,874.90,21,15.80,647,1677.50,,,
05/01/2019,259,507.10,207,636.10,14,7.90,480,1151.10,,,
06/01/2019,154,371.85,104,301.30,6,0.00,264,673.15,,,
07/01/2019,218,435.25,133,400.10,18,15.80,369,851.15,,,
08/01/2019,167,340.95,95,290.55,22,7.90,284,639.40,,,
09/01/2019,229,462.75,103,289.85,30,23.70,362,776.30,,,
10/01/2019,202,402.30,107,253.00,16,7.90,325,663.20,,,
11/01/2019,278,606.15,154,474.25,17,23.70,449,1104.10,,,
12/01/2019,419,828.80,280,842.00,52,15.80,751,1686.60,,,
13/01/2019,332,691.55,267,783.90,24,0.00,623,1475.45,,,
14/01/2019,256,538.30,137,442.70,19,23.70,412,1004.70,,,
15/01/2019,207,420.85,142,430.45,24,31.60,373,882.90,,,
16/01/2019,227,462.00,147,415.90,34,15.80,408,893.70,,,
17/01/2019,274,565.60,164,447.20,16,15.80,454,1028.60,,,
18/01/2019,318,676.45,208,609.65,22,15.80,548,1301.90,,,
19/01/2019,423,913.35,280,765.65,41,39.50,744,1718.50,,,
20/01/2019,415,848.95,333,944.05,44,23.70,792,1816.70,,,
21/01/2019,208,445.15,167,497.60,27,0.00,402,942.75,,,
22/01/2019,237,478.55,145,430.00,21,23.70,403,932.25,,,
23/01/2019,128,284.60,87,279.65,14,7.90,229,572.15,,,
24/01/2019,170,336.10,124,348.95,5,0.00,299,685.05,,,
25/01/2019,208,424.95,161,459.50,16,15.80,385,900.25,,,
26/01/2019,335,743.20,240,679.90,21,15.80,596,1438.90,,,
27/01/2019,297,635.35,216,612.85,9,15.80,522,1264.00,,,
28/01/2019,211,436.40,152,417.45,21,7.90,384,861.75,,,
29/01/2019,233,460.85,128,356.45,22,7.90,383,825.20,,,
30/01/2019,208,430.50,130,367.40,23,15.80,361,813.70,,,
31/01/2019,182,367.15,108,312.25,11,7.90,301,687.30,,,
01/02/2019,234,484.05,136,402.15,12,23.70,382,909.90,,,
02/02/2019,373,782.65,277,848.50,32,23.70,682,1654.85,,,
03/02/2019,285,650.05,253,752.70,17,20.60,555,1423.35,,,
04/02/2019,228,463.65,136,433.65,21,15.80,385,913.10,,,
05/02/2019,163,313.70,112,310.20,21,0.00,296,623.90,,,
06/02/2019,181,363.40,116,353.70,24,0.00,321,717.10,,,
07/02/2019,184,349.50,123,358.75,18,16.60,325,724.85,,,
08/02/2019,245,519.85,165,467.50,10,0.00,420,987.35,,,
09/02/2019,388,847.15,271,838.60,36,15.80,695,1701.55,,,
10/02/2019,316,688.35,242,720.45,13,7.90,571,1416.70,,,
11/02/2019,239,481.25,123,340.30,33,0.00,395,821.55,,,
12/02/2019,222,438.90,147,418.65,30,28.50,399,886.05,,,
13/02/2019,166,347.00,105,297.25,20,23.70,291,667.95,,,
14/02/2019,191,394.60,132,358.40,13,0.00,336,753.00,,,
15/02/2019,235,476.60,148,413.45,24,23.70,407,913.75,,,
16/02/2019,378,814.10,264,750.35,31,7.90,673,1572.35,,,
17/02/2019,373,812.50,283,869.20,54,47.40,710,1729.10,,,
18/02/2019,251,521.75,196,585.10,24,47.40,471,1154.25,,,
19/02/2019,295,587.85,224,660.50,45,23.70,564,1272.05,,,
20/02/2019,248,512.95,193,529.85,31,23.70,472,1066.50,,,
21/02/2019,251,489.15,170,513.20,25,63.20,446,1065.55,,,
22/02/2019,307,645.80,202,597.95,18,23.70,527,1267.45,,,
23/02/2019,438,927.35,309,888.95,45,31.60,792,1847.90,,,
24/02/2019,421,893.20,327,989.95,46,55.30,794,1938.45,,,
25/02/2019,228,468.80,165,493.05,26,15.80,419,977.65,,,
26/02/2019,270,545.20,182,481.95,44,23.70,496,1050.85,,,
27/02/2019,290,582.05,192,564.75,55,39.50,537,1186.30,,,
28/02/2019,341,709.40,240,703.55,39,79.00,620,1491.95,,,
01/03/2019,439,929.65,296,852.15,22,47.40,757,1829.20,,,
02/03/2019,490,1042.60,368,1091.95,88,55.30,946,2189.85,,,
03/03/2019,473,1029.80,383,1129.10,54,15.80,910,2174.70,,,
04/03/2019,358,788.50,274,805.65,40,55.30,672,1649.45,,,
05/03/2019,324,623.85,214,604.50,28,71.10,566,1299.45,,,
06/03/2019,331,644.80,209,648.60,12,15.80,552,1309.20,,,
07/03/2019,255,516.25,202,569.25,28,33.30,485,1118.80,,,
08/03/2019,549,1110.50,286,824.95,79,79.00,914,2014.45,,,
09/03/2019,465,933.45,331,951.90,74,47.40,870,1932.75,,,
10/03/2019,353,766.00,298,921.80,63,36.40,714,1724.20,,,
11/03/2019,234,463.15,157,415.90,20,23.70,411,902.75,,,
12/03/2019,226,459.35,161,439.55,26,23.70,413,922.60,,,
13/03/2019,357,746.45,213,596.75,38,31.60,608,1374.80,,,
14/03/2019,274,559.70,178,512.05,29,49.10,481,1120.85,,,
15/03/2019,321,662.10,225,703.00,31,72.80,577,1437.90,,,
16/03/2019,817,1696.60,414,1256.85,181,125.20,1412,3078.65,,,
17/03/2019,493,1088.80,395,1251.30,44,86.90,932,2427.00,,,
18/03/2019,320,681.20,263,789.15,26,15.80,609,1486.15,,,
19/03/2019,305,630.05,189,557.75,13,15.80,507,1203.60,,,
20/03/2019,304,683.35,167,447.00,53,31.60,524,1161.95,,,
21/03/2019,349,734.50,235,716.35,50,63.20,634,1514.05,,,
22/03/2019,400,824.05,255,770.25,35,31.60,690,1625.90,,,
23/03/2019,457,975.00,310,924.35,47,15.80,814,1915.15,,,
24/03/2019,342,716.45,229,679.10,28,23.70,599,1419.25,,,
25/03/2019,293,609.55,247,760.10,30,71.10,570,1440.75,,,
26/03/2019,294,621.90,213,636.65,31,71.10,538,1329.65,,,
27/03/2019,285,611.45,175,530.00,27,47.40,487,1188.85,,,
28/03/2019,273,543.80,189,537.60,14,15.80,476,1097.20,,,
29/03/2019,405,797.45,277,843.45,50,23.70,732,1664.60,,,
30/03/2019,516,1101.80,379,1115.20,79,94.80,974,2311.80,,,
31/03/2019,571,1232.75,334,1005.60,44,39.50,949,2277.85,,,
01/04/2019,297,623.00,199,587.15,24,31.60,520,1241.75,,,
02/04/2019,328,664.10,186,512.45,20,15.80,534,1192.35,,,
03/04/2019,278,596.65,216,630.15,40,71.10,534,1297.90,,,
04/04/2019,319,675.85,261,785.35,50,23.70,630,1484.90,,,
05/04/2019,397,833.50,277,857.90,33,86.90,707,1778.30,,,
06/04/2019,590,1270.60,381,1191.85,85,55.30,1056,2517.75,,,
07/04/2019,535,1184.29,429,1215.45,57,86.90,1021,2486.64,,,
08/04/2019,291,640.40,222,683.95,20,47.40,533,1371.75,,,
09/04/2019,319,660.00,208,634.25,37,63.20,564,1357.45,,,
10/04/2019,335,698.45,212,633.65,19,55.30,566,1387.40,,,
11/04/2019,342,727.65,230,714.15,30,31.60,602,1473.40,,,
12/04/2019,274,592.90,204,648.20,16,31.60,494,1272.70,,,
13/04/2019,375,808.55,294,990.00,37,79.00,706,1877.55,,,
14/04/2019,403,904.80,296,911.30,29,42.00,728,1858.10,,,
15/04/2019,365,781.85,255,798.70,29,58.40,649,1638.95,,,
16/04/2019,266,587.00,194,618.85,14,63.20,474,1269.05,,,
17/04/2019,306,690.02,218,668.70,27,39.50,551,1398.22,,,
18/04/2019,421,895.55,307,979.91,28,39.50,756,1914.96,,,
19/04/2019,552,1193.80,363,1211.50,29,79.00,944,2484.30,,,
20/04/2019,439,894.85,310,963.75,18,39.50,767,1898.10,,,
21/04/2019,432,952.00,304,969.20,31,71.10,767,1992.30,,,
22/04/2019,310,661.40,215,685.70,28,126.40,553,1473.50,,,
23/04/2019,326,696.15,190,586.00,16,23.70,532,1305.85,,,
24/04/2019,368,775.30,248,745.10,17,23.70,633,1544.10,,,
25/04/2019,392,818.20,197,578.35,13,7.90,602,1404.45,,,
26/04/2019,370,793.90,275,872.10,31,31.60,676,1697.60,,,
27/04/2019,365,784.75,252,765.30,50,27.90,667,1577.95,,,
28/04/2019,432,893.80,287,831.85,79,126.40,798,1852.05,,,
29/04/2019,294,636.45,207,646.55,32,126.40,533,1409.40,,,
30/04/2019,305,671.45,210,669.95,25,47.40,540,1388.80,,,
01/05/2019,320,693.50,211,654.70,23,42.00,554,1390.20,,,
02/05/2019,277,635.65,226,763.90,16,86.90,519,1486.45,,,
03/05/2019,300,670.95,223,710.25,20,63.20,543,1444.40,,,
04/05/2019,398,849.60,250,756.45,39,7.90,687,1613.95,,,
05/05/2019,283,613.20,175,526.35,25,15.80,483,1155.35,,,
06/05/2019,278,584.00,168,513.60,18,47.40,464,1145.00,,,
07/05/2019,308,650.20,171,511.60,17,47.40,496,1209.20,,,
08/05/2019,380,816.65,213,636.55,20,52.20,613,1505.40,,,
09/05/2019,331,688.80,197,587.50,14,47.40,542,1323.70,,,
10/05/2019,304,647.30,245,773.65,8,7.90,557,1428.85,,,
11/05/2019,443,948.85,306,979.60,82,118.80,831,2047.25,,,
12/05/2019,389,830.15,276,960.30,42,86.90,707,1877.35,,,
13/05/2019,251,501.00,196,674.80,24,60.10,471,1235.90,,,
14/05/2019,302,617.45,159,521.00,33,59.50,494,1197.95,,,
15/05/2019,233,496.05,165,541.70,12,52.20,410,1089.95,,,
16/05/2019,340,669.00,217,713.60,33,104.40,590,1487.00,,,
17/05/2019,438,2228.71,264,859.40,16,74.50,718,3162.61,,,
18/05/2019,527,1106.55,295,957.70,70,44.30,892,2108.55,,,
19/05/2019,365,813.95,242,772.75,26,15.80,633,1602.50,,,
20/05/2019,292,598.30,192,658.00,12,15.80,496,1272.10,,,
21/05/2019,238,519.40,133,402.80,6,7.90,377,930.10,,,
22/05/2019,238,527.65,154,477.60,13,20.60,405,1025.85,,,
23/05/2019,276,584.80,160,514.95,33,79.00,469,1178.75,,,
24/05/2019,253,544.25,172,534.45,20,55.30,445,1134.00,,,
25/05/2019,401,902.80,244,742.90,68,52.20,713,1697.90,,,
26/05/2019,409,914.10,299,965.50,46,38.10,754,1917.70,,,
27/05/2019,274,612.45,170,559.15,25,31.60,469,1203.20,,,
28/05/2019,372,738.45,183,606.65,47,31.60,602,1376.70,,,
29/05/2019,292,641.90,191,622.30,37,20.60,520,1284.80,,,
30/05/2019,324,656.40,213,697.65,32,68.00,569,1422.05,,,
31/05/2019,300,619.25,210,706.60,35,135.80,545,1461.65,,,
01/06/2019,356,763.65,271,829.60,43,71.10,670,1664.35,,,
02/06/2019,292,667.45,183,627.90,21,83.80,496,1379.15,,,
03/06/2019,274,602.60,152,487.30,17,44.50,443,1134.40,,,
04/06/2019,241,525.50,144,479.75,20,60.10,405,1065.35,,,
05/06/2019,256,554.40,193,619.30,37,80.00,486,1253.70,,,
06/06/2019,275,589.20,162,495.90,29,52.20,466,1137.30,,,
07/06/2019,350,749.20,194,650.70,28,17.50,572,1417.40,,,
08/06/2019,505,1077.45,301,1006.60,111,143.90,917,2227.95,,,
09/06/2019,434,938.40,293,993.10,29,71.10,756,2002.60,,,
10/06/2019,328,686.30,187,615.70,33,49.10,548,1351.10,,,
11/06/2019,354,751.20,180,548.00,14,23.70,548,1322.90,,,
12/06/2019,310,627.15,193,629.00,24,52.20,527,1308.35,,,
13/06/2019,280,558.00,162,534.30,24,63.20,466,1155.50,,,
14/06/2019,333,718.15,223,764.40,37,47.40,593,1529.95,,,
15/06/2019,444,948.25,247,837.20,62,49.10,753,1834.55,,,
16/06/2019,376,815.20,243,774.25,22,25.40,641,1614.85,,,
17/06/2019,296,605.45,137,458.20,37,69.70,470,1133.35,,,
18/06/2019,267,553.65,138,431.90,22,12.70,427,998.25,,,
19/06/2019,318,683.75,176,614.40,56,39.50,550,1337.65,,,
20/06/2019,281,580.50,189,585.00,13,36.40,483,1201.90,,,
21/06/2019,298,641.20,167,535.80,18,47.40,483,1224.40,,,
22/06/2019,487,997.35,216,668.00,48,75.90,751,1741.25,,,
23/06/2019,284,614.70,148,470.35,19,39.50,451,1124.55,,,
24/06/2019,328,691.70,214,715.40,27,28.50,569,1435.60,,,
25/06/2019,309,628.90,159,529.30,20,31.60,488,1189.80,,,
26/06/2019,287,600.70,148,466.20,10,64.90,445,1131.80,,,
27/06/2019,276,624.17,125,412.00,20,31.60,421,1067.77,,,
28/06/2019,289,611.95,152,479.10,28,99.60,469,1190.65,,,
29/06/2019,311,694.62,222,709.70,44,162.80,577,1567.12,,,
30/06/2019,277,613.65,186,680.20,22,86.90,485,1380.75,,,
01/07/2019,303,660.10,198,685.80,27,60.10,528,1406.00,,,
02/07/2019,247,508.05,150,481.70,20,39.50,417,1029.25,,,
03/07/2019,289,626.70,138,474.60,15,31.60,442,1132.90,,,
04/07/2019,255,532.51,146,470.71,15,31.60,416,1034.82,,,
05/07/2019,223,461.05,151,463.00,21,39.50,395,963.55,,,
06/07/2019,400,861.60,220,696.50,1236,3710.10,1856,5268.20,,,
07/07/2019,256,564.00,151,488.00,15,15.80,422,1067.80,,,
08/07/2019,207,444.95,115,395.10,14,47.40,336,887.45,,,
09/07/2019,222,473.80,127,454.70,22,36.40,371,964.90,,,
10/07/2019,237,503.42,124,381.80,16,63.20,377,948.42,,,
11/07/2019,269,573.97,143,455.00,14,75.90,426,1104.87,,,
12/07/2019,216,463.95,131,430.39,13,36.40,360,930.74,,,
13/07/2019,295,644.32,182,592.62,22,86.90,499,1323.84,,,
14/07/2019,246,557.67,161,547.44,3,15.80,410,1120.91,,,
15/07/2019,152,329.45,68,200.20,7,15.80,227,545.45,,,
16/07/2019,212,449.87,114,385.60,15,49.10,341,884.57,,,
17/07/2019,232,492.77,126,437.60,7,20.60,365,950.97,,,
18/07/2019,216,458.33,120,398.90,13,20.60,349,877.83,,,
19/07/2019,315,706.30,189,545.90,25,71.10,529,1323.30,,,
20/07/2019,91,198.45,47,179.30,3,23.70,141,401.45,,,
21/07/2019,198,420.05,133,430.40,13,47.40,344,897.85,,,
22/07/2019,230,503.40,162,599.70,22,109.20,414,1212.30,,,
23/07/2019,260,536.10,162,466.10,20,39.50,442,1041.70,,,
24/07/2019,131,287.25,69,237.90,8,31.60,208,556.75,,,
25/07/2019,201,419.30,102,343.80,13,63.20,316,826.30,,,
26/07/2019,180,416.35,104,331.70,8,15.80,292,763.85,,,
27/07/2019,234,528.40,167,562.90,17,47.40,418,1138.70,,,
28/07/2019,234,481.20,137,443.90,4,31.60,375,956.70,,,
29/07/2019,193,394.45,124,384.40,18,75.90,335,854.75,,,
30/07/2019,195,402.10,143,455.90,12,47.40,350,905.40,,,
31/07/2019,179,369.00,114,386.20,13,55.30,306,810.50,,,
01/08/2019,211,433.00,102,341.30,19,39.50,332,813.80,,,
02/08/2019,190,386.90,89,286.50,6,12.70,285,686.10,,,
03/08/2019,194,418.50,118,350.00,5,12.70,317,781.20,,,
04/08/2019,210,439.35,130,451.50,15,60.10,355,950.95,,,
05/08/2019,175,358.35,102,374.20,12,7.90,289,740.45,,,
06/08/2019,170,366.10,117,366.30,15,57.00,302,789.40,,,
07/08/2019,223,470.50,136,444.90,15,39.50,374,954.90,,,
08/08/2019,238,492.80,163,488.30,12,23.70,413,1004.80,,,
09/08/2019,233,479.45,152,497.30,13,60.10,398,1036.85,,,
10/08/2019,227,508.85,173,561.90,8,4.80,408,1075.55,,,
11/08/2019,254,544.25,196,666.40,20,41.20,470,1251.85,,,
12/08/2019,173,354.00,112,383.70,10,39.50,295,777.20,,,
13/08/2019,182,368.15,107,384.50,9,15.80,298,768.45,,,
14/08/2019,186,379.70,115,382.10,24,23.70,325,785.50,,,
15/08/2019,214,459.70,165,598.60,7,36.40,386,1094.70,,,
16/08/2019,228,499.35,141,442.10,14,101.30,383,1042.75,,,
17/08/2019,211,461.40,145,467.50,7,28.50,363,957.40,,,
18/08/2019,195,439.75,146,497.10,8,28.50,349,965.35,,,
19/08/2019,214,481.35,102,342.30,9,60.10,325,883.75,,,
20/08/2019,206,436.35,125,391.10,15,39.50,346,866.95,,,
21/08/2019,234,489.15,138,410.50,10,36.40,382,936.05,,,
22/08/2019,236,512.65,143,428.60,3,0.00,382,941.25,,,
23/08/2019,208,431.20,151,505.50,6,25.40,365,962.10,,,
24/08/2019,226,476.70,185,599.90,3,0.50,414,1077.10,,,
25/08/2019,282,636.85,203,704.60,9,47.40,494,1388.85,,,
26/08/2019,221,473.90,124,419.00,9,23.70,354,916.60,,,
27/08/2019,245,502.80,150,447.90,16,12.70,411,963.40,,,
28/08/2019,334,695.25,189,600.40,41,23.70,564,1319.35,,,
29/08/2019,173,362.30,108,339.30,9,15.80,290,717.40,,,
30/08/2019,222,511.30,124,426.80,11,39.50,357,977.60,,,
31/08/2019,200,441.35,147,514.30,8,23.70,355,979.35,,,
01/09/2019,229,517.95,158,560.20,15,69.70,402,1147.85,,,
02/09/2019,179,375.90,85,259.10,5,23.70,269,658.70,,,
03/09/2019,190,410.05,115,378.40,26,15.80,331,804.25,,,
04/09/2019,157,328.40,112,380.60,6,23.70,275,732.70,,,
05/09/2019,214,435.02,131,420.00,13,31.60,358,886.62,,,
06/09/2019,234,489.70,135,467.10,17,52.20,386,1009.00,,,
07/09/2019,268,588.65,173,532.50,20,44.30,461,1165.45,,,
08/09/2019,314,684.75,197,640.80,30,110.60,541,1436.15,,,
09/09/2019,246,535.25,140,476.60,17,57.00,403,1068.85,,,
10/09/2019,252,518.80,140,429.00,20,41.20,412,989.00,,,
11/09/2019,277,592.60,137,415.40,19,60.10,433,1068.10,,,
12/09/2019,284,603.10,162,508.90,28,80.70,474,1192.70,,,
13/09/2019,286,601.03,155,523.60,34,103.00,475,1227.63,,,
14/09/2019,409,858.95,237,747.60,33,73.10,679,1679.65,,,
15/09/2019,332,708.85,182,570.80,24,72.80,538,1352.45,,,
16/09/2019,267,558.70,126,389.10,23,47.40,416,995.20,,,
17/09/2019,285,612.85,142,483.60,22,39.50,449,1135.95,,,
18/09/2019,246,558.20,136,417.20,27,23.70,409,999.10,,,
19/09/2019,324,677.35,157,510.00,18,52.20,499,1239.55,,,
20/09/2019,390,836.85,199,629.60,34,106.10,623,1572.55,,,
21/09/2019,460,1002.40,293,989.30,71,95.10,824,2086.80,,,
22/09/2019,447,991.25,281,873.50,34,68.00,762,1932.75,,,
23/09/2019,295,651.80,170,560.10,27,47.40,492,1259.30,,,
24/09/2019,353,753.10,177,545.30,33,23.70,563,1322.10,,,
25/09/2019,300,634.55,150,466.80,31,75.90,481,1177.25,,,
26/09/2019,298,615.10,155,493.10,28,39.50,481,1147.70,,,
27/09/2019,330,704.45,207,685.40,28,63.20,565,1453.05,,,
28/09/2019,406,899.05,229,736.60,55,86.90,690,1722.55,,,
29/09/2019,345,760.65,202,680.70,19,47.40,566,1488.75,,,
30/09/2019,280,611.05,195,667.90,42,82.40,517,1361.35,,,
01/10/2019,304,684.00,155,491.70,29,57.00,488,1232.70,,,
02/10/2019,278,588.95,164,519.40,40,35.00,482,1143.35,,,
03/10/2019,286,621.55,186,600.30,54,39.50,526,1261.35,,,
04/10/2019,192,434.55,128,397.70,22,12.70,342,844.95,,,
05/10/2019,498,1125.58,300,951.60,69,154.93,867,2232.11,,,
06/10/2019,327,753.90,202,698.80,31,15.80,560,1468.50,,,
07/10/2019,254,527.90,155,520.20,31,55.30,440,1103.40,,,
08/10/2019,255,528.25,147,445.90,42,39.50,444,1013.65,,,
09/10/2019,319,674.95,163,498.40,27,61.80,509,1235.15,,,
10/10/2019,252,543.15,140,494.30,22,79.00,414,1116.45,,,
11/10/2019,241,511.95,140,427.20,20,23.70,401,962.85,,,
12/10/2019,412,922.00,243,822.90,57,117.10,712,1862.00,,,
13/10/2019,362,794.45,239,771.40,36,66.60,637,1632.45,,,
14/10/2019,299,660.45,157,527.60,18,36.40,474,1224.45,,,
15/10/2019,281,602.15,145,451.50,27,44.30,453,1097.95,,,
16/10/2019,308,631.20,143,451.20,28,23.70,479,1106.10,,,
17/10/2019,277,583.75,162,506.90,17,20.60,456,1111.25,,,
18/10/2019,303,653.75,157,496.50,24,77.60,484,1227.85,,,
19/10/2019,481,1030.30,278,887.80,52,112.90,811,2031.00,,,
20/10/2019,433,962.75,273,879.00,24,82.40,730,1924.15,,,
21/10/2019,340,739.55,202,652.90,37,77.60,579,1470.05,,,
22/10/2019,299,651.10,185,605.70,32,60.40,516,1317.20,,,
23/10/2019,248,584.00,146,465.90,18,12.70,412,1062.60,,,
24/10/2019,269,626.90,157,483.00,29,53.90,455,1163.80,,,
25/10/2019,301,637.80,163,559.00,20,60.10,484,1256.90,,,
26/10/2019,449,959.00,296,988.10,70,69.70,815,2016.80,,,
27/10/2019,393,902.60,273,898.60,34,64.90,700,1866.10,,,
28/10/2019,298,622.25,152,506.30,31,57.00,481,1185.55,,,
29/10/2019,272,579.85,155,455.70,27,7.90,454,1043.45,,,
30/10/2019,328,726.50,166,564.50,26,31.60,520,1322.60,,,
31/10/2019,300,658.70,196,697.10,14,63.20,510,1419.00,,,
01/11/2019,358,790.70,220,707.80,23,47.40,601,1545.90,,,
02/11/2019,492,1068.65,282,942.60,29,44.30,803,2055.55,,,
03/11/2019,436,987.50,253,775.80,25,60.10,714,1823.40,,,
04/11/2019,262,560.80,155,475.40,13,31.60,430,1067.80,,,
05/11/2019,299,612.70,126,422.70,36,39.50,461,1074.90,,,
06/11/2019,273,566.00,127,379.90,21,28.50,421,974.40,,,
07/11/2019,297,637.40,123,356.60,30,20.60,450,1014.60,,,
08/11/2019,328,696.90,165,522.10,22,20.60,515,1239.60,,,
09/11/2019,467,1050.95,230,815.60,52,99.90,749,1966.45,,,
10/11/2019,454,990.05,280,854.60,40,33.30,774,1877.95,,,
11/11/2019,247,514.60,138,459.30,19,38.10,404,1012.00,,,
12/11/2019,307,635.15,119,374.70,18,4.80,444,1014.65,,,
13/11/2019,311,623.65,126,375.60,46,12.70,483,1011.95,,,
14/11/2019,335,686.20,165,487.90,25,25.40,525,1199.50,,,
15/11/2019,355,727.35,187,580.80,52,104.70,594,1412.85,,,
16/11/2019,507,1070.50,272,868.60,45,69.70,824,2008.80,,,
17/11/2019,493,1080.90,277,924.80,22,0.00,792,2005.70,,,
18/11/2019,213,427.70,96,304.30,10,12.70,319,744.70,,,
19/11/2019,375,785.45,182,588.70,18,12.70,575,1386.85,,,
20/11/2019,345,736.95,178,567.50,43,30.20,566,1334.65,,,
21/11/2019,383,785.30,188,592.60,51,12.70,622,1390.60,,,
22/11/2019,364,787.75,182,610.20,24,66.60,570,1464.55,,,
23/11/2019,496,1060.60,267,891.70,69,56.00,832,2008.30,,,
24/11/2019,470,1009.75,258,821.00,29,55.30,757,1886.05,,,
25/11/2019,393,810.20,175,571.80,40,69.70,608,1451.70,,,
26/11/2019,358,762.75,168,515.10,36,46.00,562,1323.85,,,
27/11/2019,335,712.90,164,524.90,12,15.80,511,1253.60,,,
28/11/2019,280,595.75,137,413.70,22,109.20,439,1118.65,,,
29/11/2019,276,585.40,123,377.50,36,85.50,435,1048.40,,,
30/11/2019,471,1030.65,287,928.30,43,46.00,801,2004.95,,,
01/12/2019,395,906.40,226,741.50,26,66.90,647,1714.80,,,
02/12/2019,302,617.60,132,375.40,16,68.00,450,1061.00,,,
03/12/2019,263,555.30,114,372.20,16,55.60,393,983.10,,,
04/12/2019,234,499.90,105,361.60,8,28.50,347,890.00,,,
05/12/2019,224,525.90,116,370.40,18,92.00,358,988.30,,,
06/12/2019,409,906.45,202,664.20,46,31.90,657,1602.55,,,
07/12/2019,498,1120.75,285,838.70,33,55.60,816,2015.05,,,
08/12/2019,469,1137.20,309,889.50,15,-17.50,793,2009.20,,,
09/12/2019,338,765.80,187,583.30,26,75.00,551,1424.10,,,
10/12/2019,251,550.80,131,407.60,23,41.20,405,999.60,,,
11/12/2019,289,633.25,104,272.60,14,12.70,407,918.55,,,
12/12/2019,288,672.45,108,350.10,9,7.90,405,1030.45,,,
13/12/2019,235,518.00,128,432.60,22,15.80,385,966.40,,,
14/12/2019,505,1130.35,270,814.80,55,57.00,830,2002.15,,,
15/12/2019,452,1031.30,262,806.80,27,28.50,741,1866.60,,,
16/12/2019,225,480.30,116,365.70,15,20.60,356,866.60,,,
17/12/2019,305,681.05,132,370.40,13,39.50,450,1090.95,,,
18/12/2019,323,660.30,167,484.30,18,12.70,508,1157.30,,,
19/12/2019,268,573.40,120,354.50,15,28.50,403,956.40,,,
20/12/2019,260,564.35,126,407.80,16,23.70,402,995.85,,,
21/12/2019,345,785.25,219,689.50,15,41.20,579,1515.95,,,
22/12/2019,361,857.80,232,710.50,19,28.50,612,1596.80,,,
23/12/2019,268,610.55,175,521.00,6,20.60,449,1152.15,,,
24/12/2019,136,316.55,100,300.70,8,23.70,244,640.95,,,
26/12/2019,332,736.00,202,610.60,26,0.00,560,1346.60,,,
27/12/2019,422,973.65,276,902.40,21,39.50,719,1915.55,,,
28/12/2019,428,936.45,271,885.20,37,74.50,736,1896.15,,,
29/12/2019,498,1116.30,306,982.30,21,52.20,825,2150.80,,,
30/12/2019,485,1074.50,297,904.70,36,110.90,818,2090.10,,,
31/12/2019,223,518.95,166,568.70,10,44.30,399,1131.95,,,
01/01/2020,265,556.40,185,645.70,18,46.00,468,1248.10,,,
02/01/2020,400,898.10,256,877.30,24,74.50,680,1849.90,,,
03/01/2020,399,906.30,235,765.00,17,36.40,651,1707.70,,,
04/01/2020,385,885.40,237,732.30,15,34.80,637,1652.50,,,
05/01/2020,340,818.55,228,773.10,12,25.40,580,1617.05,,,
06/01/2020,272,614.65,172,564.10,15,0.00,459,1178.75,,,
07/01/2020,225,481.95,106,335.70,11,25.40,342,843.05,,,
08/01/2020,208,444.75,84,276.90,19,35.00,311,756.65,,,
09/01/2020,212,441.85,108,337.80,9,36.40,329,816.05,,,
10/01/2020,235,522.65,131,412.80,16,38.10,382,973.55,,,
11/01/2020,396,888.30,227,664.20,30,69.70,653,1622.20,,,
12/01/2020,349,836.60,185,567.60,17,46.00,551,1450.20,,,
13/01/2020,192,412.75,92,309.60,11,44.30,295,766.65,,,
14/01/2020,238,519.75,109,355.40,20,20.60,367,895.75,,,
15/01/2020,225,502.35,100,314.90,28,23.70,353,840.95,,,
16/01/2020,246,540.85,110,369.90,14,7.90,370,918.65,,,
17/01/2020,258,570.90,122,378.20,22,52.20,402,1001.30,,,
18/01/2020,376,841.80,207,669.70,26,50.80,609,1562.30,,,
19/01/2020,348,803.50,202,620.00,10,9.60,560,1433.10,,,
20/01/2020,190,414.70,91,279.50,9,30.20,290,724.40,,,
21/01/2020,238,525.20,98,296.00,14,12.70,350,833.90,,,
22/01/2020,229,516.75,100,299.70,19,15.80,348,832.25,,,
23/01/2020,210,466.55,117,386.50,8,25.40,335,878.45,,,
24/01/2020,240,517.10,106,319.80,14,4.80,360,841.70,,,
25/01/2020,421,945.80,260,833.10,47,46.00,728,1824.90,,,
26/01/2020,375,803.95,233,776.40,13,30.20,621,1610.55,,,
27/01/2020,494,1085.80,208,696.00,39,47.70,741,1829.50,,,
29/01/2020,261,525.45,130,380.80,40,44.30,431,950.55,,,
30/01/2020,234,484.25,143,471.30,26,35.70,403,991.25,,,
31/01/2020,301,655.25,155,465.70,33,57.00,489,1177.95,,,
01/02/2020,468,1037.15,262,787.10,64,36.40,794,1860.65,,,
02/02/2020,391,881.30,226,721.60,37,31.60,654,1634.50,,,
03/02/2020,160,345.45,102,282.00,14,4.80,276,632.25,,,
04/02/2020,267,563.65,130,441.30,21,38.10,418,1043.05,,,
05/02/2020,236,464.90,91,284.10,22,23.70,349,772.70,,,
06/02/2020,234,459.50,85,214.80,16,4.80,335,679.10,,,
07/02/2020,341,716.75,187,611.20,54,44.30,582,1372.25,,,
08/02/2020,440,972.80,222,610.90,46,9.60,708,1593.30,,,
09/02/2020,353,795.40,223,673.90,29,47.40,605,1516.70,,,
10/02/2020,184,388.80,108,324.70,20,28.50,312,742.00,,,
11/02/2020,228,476.85,109,294.20,20,9.60,357,780.65,,,
12/02/2020,223,467.75,110,315.80,16,20.60,349,804.15,,,
13/02/2020,249,538.95,99,278.30,17,4.80,365,822.05,,,
14/02/2020,320,713.90,148,471.30,21,20.60,489,1205.80,,,
15/02/2020,523,1146.72,328,1008.50,54,72.80,905,2228.02,,,
16/02/2020,444,1019.80,324,1098.10,38,41.20,806,2159.10,,,
17/02/2020,225,504.00,120,388.20,21,25.40,366,917.60,,,
18/02/2020,289,621.80,157,477.60,35,55.60,481,1155.00,,,
19/02/2020,257,567.70,144,380.10,22,44.30,423,992.10,,,
20/02/2020,365,768.15,204,578.80,34,36.40,603,1383.35,,,
21/02/2020,292,656.05,185,529.10,26,52.20,503,1237.35,,,
22/02/2020,468,1030.00,298,988.00,53,80.60,819,2098.60,,,
23/02/2020,412,897.50,236,708.50,32,55.30,680,1661.30,,,
24/02/2020,322,669.90,207,644.10,19,55.30,548,1369.30,,,
25/02/2020,265,576.90,139,391.30,22,0.00,426,968.20,,,
26/02/2020,285,597.90,137,432.10,30,28.50,452,1058.50,,,
27/02/2020,275,562.55,153,480.20,25,25.40,453,1068.15,,,
28/02/2020,342,739.85,201,649.90,35,79.00,578,1468.75,,,
29/02/2020,482,1094.30,310,994.70,21,25.40,813,2114.40,,,
01/03/2020,442,996.40,306,1049.10,22,36.40,770,2081.90,,,
02/03/2020,305,673.30,158,499.50,30,31.90,493,1204.70,,,
03/03/2020,290,598.00,161,503.10,16,20.60,467,1121.70,,,
04/03/2020,208,439.50,116,324.50,12,20.60,336,784.60,,,
05/03/2020,235,503.80,129,418.10,19,39.50,383,961.40,,,
06/03/2020,353,773.70,184,605.80,36,96.60,573,1476.10,,,
07/03/2020,438,987.40,228,699.80,43,36.40,709,1723.60,,,
08/03/2020,562,1225.45,233,699.40,122,23.30,917,1948.15,,,
09/03/2020,227,500.15,125,410.60,16,23.70,368,934.45,,,
10/03/2020,127,277.70,81,236.60,12,31.60,220,545.90,,,
11/03/2020,131,291.85,93,319.20,17,28.50,241,639.55,,,
12/03/2020,93,199.80,45,140.40,5,7.90,143,348.10,,,
13/03/2020,52,122.90,27,86.00,4,15.80,83,224.70,,,
21/05/2020,7,13.90,2,6.90,2,0.00,11,20.80,,,
22/05/2020,20,34.90,6,18.60,6,0.00,32,53.50,,,
23/05/2020,15,30.40,5,16.80,1,0.00,21,47.20,,,
24/05/2020,7,11.30,1,3.90,2,0.00,10,15.20,,,
25/05/2020,19,37.10,6,24.90,5,0.00,30,62.00,,,
26/05/2020,16,31.50,7,23.70,1,2.00,24,57.20,,,
27/05/2020,17,32.70,2,5.60,,,19,38.30,,,
28/05/2020,21,39.50,5,14.80,,,26,54.30,,,
29/05/2020,23,48.50,2,3.60,1,0.00,26,52.10,,,
30/05/2020,8,17.20,1,3.80,,,9,21.00,,,
31/05/2020,16,31.40,3,5.40,,,19,36.80,,,
01/06/2020,16,30.80,2,7.00,,,18,37.80,,,
02/06/2020,22,44.60,5,9.50,,,27,54.10,,,
03/06/2020,22,38.80,4,16.80,,,26,55.60,,,
04/06/2020,30,51.70,7,22.20,1,0.00,38,73.90,,,
05/06/2020,29,52.95,3,8.80,,,32,61.75,,,
06/06/2020,36,75.20,13,42.40,,,49,117.60,,,
07/06/2020,20,35.00,5,19.60,,,25,54.60,,,
08/06/2020,45,86.80,20,56.20,,,65,143.00,,,
09/06/2020,51,109.70,20,52.70,3,0.00,74,162.40,,,
10/06/2020,60,120.88,20,59.00,1,7.90,81,187.78,,,
11/06/2020,70,145.50,36,113.20,1,0.00,107,258.70,,,
12/06/2020,68,144.46,19,48.50,2,0.00,89,192.96,,,
13/06/2020,83,179.95,30,96.30,2,0.00,115,276.25,,,
14/06/2020,59,136.60,34,125.10,,,93,261.70,,,
15/06/2020,53,108.18,18,53.66,1,0.00,72,161.84,,,
16/06/2020,59,120.30,26,82.60,1,7.90,86,210.80,,,
17/06/2020,52,119.60,24,75.10,,,76,194.70,,,
18/06/2020,62,129.20,26,84.50,1,0.00,89,213.70,,,
19/06/2020,57,111.20,13,34.40,1,0.00,71,145.60,,,
20/06/2020,67,155.50,38,122.30,1,0.00,106,277.80,,,
21/06/2020,64,152.50,33,103.70,,,97,256.20,,,
22/06/2020,59,114.90,21,67.50,1,7.90,81,190.30,,,
23/06/2020,66,145.40,15,43.30,,,81,188.70,,,
24/06/2020,69,152.09,19,54.40,,,88,206.49,,,
25/06/2020,79,156.80,26,87.90,2,7.90,107,252.60,,,
26/06/2020,46,93.48,16,59.10,3,0.00,65,152.58,,,
27/06/2020,52,119.29,21,61.82,,,73,181.11,,,
28/06/2020,52,108.65,29,89.00,,,81,197.65,,,
29/06/2020,64,131.45,23,64.30,,,87,195.75,,,
30/06/2020,67,147.55,26,82.00,1,5.50,94,235.05,,,
01/07/2020,88,185.85,28,73.20,1,7.90,117,266.95,,,
02/07/2020,69,130.90,25,73.10,,,94,204.00,,,
03/07/2020,59,111.20,23,69.20,4,15.80,86,196.20,,,
04/07/2020,83,169.25,38,128.30,1,0.00,122,297.55,,,
05/07/2020,69,136.20,33,98.50,,,102,234.70,,,
06/07/2020,104,219.85,36,101.00,3,23.70,143,344.55,,,
07/07/2020,104,234.50,51,166.20,,,155,400.70,,,
08/07/2020,88,175.55,23,65.50,3,23.70,114,264.75,,,
09/07/2020,107,201.90,38,122.30,,,145,324.20,,,
10/07/2020,73,146.05,21,63.10,2,7.90,96,217.05,,,
11/07/2020,82,179.05,51,154.80,3,23.70,136,357.55,,,
12/07/2020,60,116.40,28,90.80,,,88,207.20,,,
13/07/2020,104,241.50,76,260.50,3,23.70,183,525.70,,,
14/07/2020,130,274.30,67,202.00,1,0.00,198,476.30,,,
15/07/2020,143,290.40,60,183.30,3,7.90,206,481.60,,,
16/07/2020,117,252.35,59,204.10,3,15.80,179,472.25,,,
17/07/2020,76,154.30,26,71.40,,,102,225.70,,,
18/07/2020,101,212.30,43,146.10,,,144,358.40,,,
19/07/2020,101,205.15,41,145.80,4,15.80,146,366.75,,,
20/07/2020,115,256.50,51,154.60,4,0.00,170,411.10,,,
21/07/2020,114,236.05,40,123.30,1,0.00,155,359.35,,,
22/07/2020,97,203.80,55,145.20,,,152,349.00,,,
23/07/2020,101,216.75,58,183.00,1,7.90,160,407.65,,,
24/07/2020,118,238.15,47,181.10,1,7.90,166,427.15,,,
25/07/2020,115,254.85,55,201.50,2,15.80,172,472.15,,,
26/07/2020,104,208.20,58,179.90,,,162,388.10,,,
27/07/2020,87,202.75,41,146.90,,,128,349.65,,,
28/07/2020,106,216.95,65,207.20,,,171,424.15,,,
29/07/2020,94,202.10,42,126.30,,,136,328.40,,,
30/07/2020,76,152.25,35,111.20,1,4.80,112,268.25,,,
31/07/2020,86,178.15,27,76.40,,,113,254.55,,,
01/08/2020,87,182.90,42,130.60,,,129,313.50,,,
02/08/2020,69,118.00,42,182.00,,,111,300.00,,,
03/08/2020,71,154.05,45,156.30,,,116,310.35,,,
04/08/2020,84,185.20,30,95.20,,,114,280.40,,,
05/08/2020,87,186.05,34,116.60,,,121,302.65,,,
06/08/2020,77,150.70,34,114.10,,,111,264.80,,,
07/08/2020,71,141.65,26,83.40,5,0.00,102,225.05,,,
08/08/2020,88,183.45,49,149.90,,,137,333.35,,,
09/08/2020,86,170.72,35,133.40,2,0.00,123,304.12,,,
10/08/2020,57,121.00,22,68.40,2,15.80,81,205.20,,,
11/08/2020,74,152.30,46,122.30,1,7.90,121,282.50,,,
12/08/2020,72,142.30,27,79.70,,,99,222.00,,,
13/08/2020,49,95.80,38,124.10,2,0.00,89,219.90,,,
14/08/2020,65,137.65,32,104.70,3,12.70,100,255.05,,,
16/08/2020,103,205.20,42,141.50,2,7.90,147,354.60,,,
17/08/2020,52,105.90,25,69.40,,,77,175.30,,,
18/08/2020,111,220.75,47,170.00,1,7.90,159,398.65,,,
19/08/2020,94,204.00,44,140.00,,,138,344.00,,,
20/08/2020,83,169.45,36,113.40,1,0.00,120,282.85,,,
21/08/2020,83,171.60,45,143.10,4,7.90,132,322.60,,,
22/08/2020,90,176.55,42,135.10,1,0.00,133,311.65,,,
23/08/2020,78,152.10,49,158.10,,,127,310.20,,,
24/08/2020,72,154.00,24,71.50,,,96,225.50,,,
25/08/2020,85,178.30,38,119.20,,,123,297.50,,,
26/08/2020,89,192.45,47,176.70,,,136,369.15,,,
27/08/2020,75,148.45,21,64.90,3,0.00,99,213.35,,,
28/08/2020,72,159.25,35,111.80,,,107,271.05,,,
29/08/2020,87,187.65,36,118.40,3,7.90,126,313.95,,,
30/08/2020,117,229.50,50,142.20,1,7.90,168,379.60,,,
31/08/2020,84,179.35,37,133.00,2,15.80,123,328.15,,,
01/09/2020,113,230.90,49,150.20,1,7.90,163,389.00,,,
02/09/2020,93,195.30,34,107.70,2,15.80,129,318.80,,,
03/09/2020,64,129.95,20,65.20,1,7.90,85,203.05,,,
04/09/2020,87,177.75,29,79.00,6,7.90,122,264.65,,,
05/09/2020,137,285.05,47,144.90,1,7.90,185,437.85,,,
06/09/2020,106,195.70,47,146.00,,,153,341.70,,,
07/09/2020,129,246.75,48,165.60,2,15.80,179,428.15,,,
08/09/2020,142,302.35,44,136.90,7,15.40,193,454.65,,,
09/09/2020,97,200.75,44,128.50,2,7.90,143,337.15,,,
10/09/2020,109,203.50,41,135.30,4,12.70,154,351.50,,,
11/09/2020,93,203.00,57,168.80,,,150,371.80,,,
12/09/2020,108,238.01,66,230.40,1,0.00,175,468.41,,,
13/09/2020,107,211.55,73,229.30,4,7.90,184,448.75,,,
14/09/2020,92,186.70,33,96.20,,,125,282.90,,,
15/09/2020,117,248.65,31,90.10,2,15.80,150,354.55,,,
16/09/2020,78,150.60,34,82.70,,,112,233.30,,,
17/09/2020,94,189.95,35,97.50,3,7.90,132,295.35,,,
18/09/2020,95,185.90,38,115.10,6,0.00,139,301.00,,,
19/09/2020,144,309.00,68,195.50,2,7.90,214,512.40,,,
20/09/2020,101,209.85,53,176.10,1,0.00,155,385.95,,,
21/09/2020,94,183.30,51,135.50,,,145,318.80,,,
22/09/2020,84,192.40,22,56.20,1,7.90,107,256.50,,,
23/09/2020,77,164.20,32,97.60,2,7.90,111,269.70,,,
24/09/2020,87,170.65,43,127.90,3,0.00,133,298.55,,,
25/09/2020,57,112.45,32,74.60,,,89,187.05,,,
26/09/2020,100,207.75,42,141.20,1,0.00,143,348.95,,,
27/09/2020,115,258.20,39,111.30,1,7.90,155,377.40,,,
28/09/2020,77,164.80,25,64.10,,,102,228.90,,,
29/09/2020,69,134.75,17,36.90,,,86,171.65,,,
30/09/2020,66,142.00,24,55.40,,,90,197.40,,,
01/10/2020,65,148.35,23,62.80,,,88,211.15,,,
02/10/2020,80,157.05,32,79.60,2,0.00,114,236.65,,,
03/10/2020,88,187.05,40,134.00,5,0.00,133,321.05,,,
04/10/2020,89,187.05,42,117.70,3,0.00,134,304.75,,,
05/10/2020,65,144.55,29,74.40,,,94,218.95,,,
06/10/2020,76,161.05,29,76.30,,,105,237.35,,,
07/10/2020,77,164.85,31,99.70,,,108,264.55,,,
08/10/2020,52,113.00,24,82.70,3,0.00,79,195.70,,,
09/10/2020,52,108.55,31,89.80,2,0.00,85,198.35,,,
10/10/2020,137,297.30,49,135.10,2,0.00,188,432.40,,,
11/10/2020,188,377.35,77,219.10,5,15.80,270,612.25,,,
12/10/2020,184,392.65,99,295.20,1,7.90,284,695.75,,,
13/10/2020,128,256.00,48,135.40,2,0.00,178,391.40,,,
14/10/2020,79,157.70,26,60.80,1,7.90,106,226.40,,,
15/10/2020,68,132.20,23,62.00,2,0.00,93,194.20,,,
16/10/2020,126,263.00,44,115.50,4,0.00,174,378.50,,,
17/10/2020,168,340.50,58,171.90,5,0.00,231,512.40,,,
18/10/2020,108,208.30,57,171.00,5,7.90,170,387.20,,,
19/10/2020,86,177.60,24,69.80,,,110,247.40,,,
20/10/2020,100,213.80,41,115.10,,,141,328.90,,,
21/10/2020,105,224.70,43,107.50,,,148,332.20,,,
22/10/2020,89,173.60,31,101.30,,,120,274.90,,,
23/10/2020,118,233.20,45,140.40,3,7.90,166,381.50,,,
24/10/2020,162,314.70,71,196.90,1,0.00,234,511.60,,,
25/10/2020,189,392.70,68,184.30,2,0.00,259,577.00,,,
26/10/2020,107,220.65,40,120.50,,,147,341.15,,,
27/10/2020,122,243.10,39,111.20,,,161,354.30,,,
28/10/2020,120,220.85,48,152.60,,,168,373.45,,,
29/10/2020,88,165.20,39,114.30,1,0.00,128,279.50,,,
30/10/2020,99,190.00,35,88.10,,,134,278.10,,,
31/10/2020,126,275.75,46,149.00,,,172,424.75,,,
01/11/2020,153,317.55,70,242.50,6,0.00,229,560.05,,,
02/11/2020,136,284.30,76,240.90,1,7.90,213,533.10,,,
03/11/2020,114,239.25,33,86.40,,,147,325.65,,,
04/11/2020,105,215.90,38,117.50,2,9.60,145,343.00,,,
05/11/2020,108,206.40,38,97.00,2,7.90,148,311.30,,,
06/11/2020,101,203.95,38,126.20,5,0.00,144,330.15,,,
07/11/2020,182,401.36,78,241.90,7,0.00,267,643.26,,,
08/11/2020,158,320.35,64,188.20,2,0.00,224,508.55,,,
09/11/2020,208,448.30,79,223.00,1,4.80,288,676.10,,,
10/11/2020,119,227.55,43,133.50,1,4.80,163,365.85,,,
11/11/2020,80,159.30,22,51.70,,,102,211.00,,,
12/11/2020,82,161.60,28,83.00,5,7.90,115,252.50,,,
13/11/2020,130,276.10,43,116.60,3,7.90,176,400.60,,,
14/11/2020,197,415.35,89,264.70,2,0.00,288,680.05,,,
15/11/2020,184,381.15,72,211.10,8,0.00,264,592.25,,,
16/11/2020,94,183.85,32,94.90,,,126,278.75,,,
17/11/2020,95,182.30,36,109.90,,,131,292.20,,,
18/11/2020,107,216.40,35,105.00,1,0.00,143,321.40,,,
19/11/2020,128,255.60,50,150.90,3,0.00,181,406.50,,,
20/11/2020,132,268.70,84,264.00,4,7.90,220,540.60,,,
21/11/2020,196,411.00,95,279.50,22,41.20,313,731.70,,,
22/11/2020,235,485.80,93,294.30,28,0.00,356,780.10,,,
23/11/2020,115,248.40,54,180.90,2,7.90,171,437.20,,,
24/11/2020,129,266.35,37,109.20,,,166,375.55,,,
25/11/2020,116,246.20,45,126.20,1,7.90,162,380.30,,,
26/11/2020,103,198.00,34,90.70,3,0.00,140,288.70,,,
27/11/2020,125,250.85,69,239.30,3,4.80,197,494.95,,,
28/11/2020,237,485.05,118,335.00,17,19.20,372,839.25,,,
29/11/2020,262,566.90,85,248.40,21,17.50,368,832.80,,,
30/11/2020,128,248.80,48,156.60,,,176,405.40,,,
01/12/2020,117,233.20,36,92.80,,,153,326.00,,,
02/12/2020,136,255.40,50,152.80,1,7.90,187,416.10,,,
03/12/2020,118,236.75,35,108.60,,,153,345.35,,,
04/12/2020,169,346.95,57,172.00,1,0.00,227,518.95,,,
05/12/2020,224,479.05,103,346.35,5,12.70,332,838.10,,,
06/12/2020,268,575.95,78,210.60,10,7.90,356,794.45,,,
07/12/2020,248,559.20,133,401.80,16,38.00,397,999.00,,,
08/12/2020,241,512.20,93,304.40,2,0.00,336,816.60,,,
09/12/2020,153,323.65,52,125.80,1,0.00,206,449.45,,,
10/12/2020,100,194.00,52,138.10,6,3.00,158,335.10,,,
11/12/2020,102,196.25,46,151.80,3,7.90,151,355.95,,,
12/12/2020,188,403.50,77,231.60,8,17.50,273,652.60,,,
13/12/2020,195,411.95,83,251.90,9,7.90,287,671.75,,,
14/12/2020,116,255.45,59,183.10,,,175,438.55,,,
15/12/2020,134,270.70,35,107.60,1,7.90,170,386.20,,,
16/12/2020,142,301.90,67,205.80,1,7.90,210,515.60,,,
17/12/2020,134,257.45,63,190.50,4,0.00,201,447.95,,,
18/12/2020,101,202.00,44,124.20,3,0.00,148,326.20,,,
19/12/2020,220,506.25,95,291.50,10,17.50,325,815.25,,,
20/12/2020,186,391.20,77,241.00,2,0.00,265,632.20,,,
21/12/2020,120,285.90,52,170.20,1,7.90,173,464.00,,,
22/12/2020,126,343.25,34,99.80,2,3.80,162,446.85,,,
23/12/2020,110,248.75,41,121.30,,,151,370.05,,,
24/12/2020,44,101.10,19,51.80,,,63,152.90,,,
26/12/2020,183,378.70,57,154.10,,,240,532.80,,,
27/12/2020,155,333.35,52,168.50,3,7.90,210,509.75,,,
28/12/2020,203,495.45,84,262.00,4,0.00,291,757.45,,,
29/12/2020,189,436.50,67,206.20,4,13.10,260,655.80,,,
30/12/2020,110,266.75,49,150.60,1,0.00,160,417.35,,,
31/12/2020,55,107.80,29,68.20,1,0.00,85,176.00,,,
02/01/2021,167,346.50,81,213.40,8,0.00,256,559.90,,,
03/01/2021,172,371.60,76,234.40,1,0.00,249,606.00,,,
04/01/2021,161,382.25,60,164.70,,,221,546.95,,,
05/01/2021,131,304.90,48,148.00,,,179,452.90,,,
07/01/2021,101,224.60,29,81.20,2,0.00,132,305.80,,,
08/01/2021,114,264.60,48,152.30,2,15.80,164,432.70,,,
11/01/2021,47,110.80,23,68.00,,,70,178.80,,,
12/01/2021,34,103.70,14,38.00,,,48,141.70,,,
13/01/2021,57,113.30,24,55.90,1,7.90,82,177.10,,,
14/01/2021,47,97.45,21,61.30,1,0.00,69,158.75,,,
15/01/2021,65,128.60,16,73.00,3,4.80,84,206.40,,,
16/01/2021,118,236.80,50,138.00,,,168,374.80,,,
17/01/2021,177,360.70,58,185.80,,,235,546.50,,,
18/01/2021,90,178.30,40,125.40,2,0.00,132,303.70,,,
19/01/2021,93,203.65,31,82.20,4,0.00,128,285.85,,,
20/01/2021,132,268.45,47,111.30,4,0.00,183,379.75,,,
21/01/2021,74,153.20,17,45.60,2,0.00,93,198.80,,,
22/01/2021,125,253.15,39,114.60,8,7.90,172,375.65,,,
23/01/2021,167,395.80,56,162.90,,,223,558.70,,,
24/01/2021,177,374.95,63,190.70,8,12.70,248,578.35,,,
25/01/2021,102,207.30,31,92.20,3,0.00,136,299.50,,,
26/01/2021,81,165.60,43,125.10,5,0.00,129,290.70,,,
27/01/2021,116,231.60,41,110.10,6,0.00,163,341.70,,,
28/01/2021,79,150.05,33,120.00,2,0.00,114,270.05,,,
29/01/2021,110,218.35,31,85.90,6,7.90,147,312.15,,,
30/01/2021,196,428.65,67,203.40,4,0.00,267,632.05,,,
31/01/2021,178,391.60,68,202.10,4,7.90,250,601.60,,,
01/02/2021,102,218.25,29,81.00,2,0.00,133,299.25,,,
02/02/2021,98,203.85,42,124.60,4,0.00,144,328.45,,,
03/02/2021,92,180.40,35,96.40,8,0.00,135,276.80,,,
04/02/2021,115,243.20,36,104.10,6,0.00,157,347.30,,,
05/02/2021,106,234.85,32,97.50,5,0.00,143,332.35,,,
06/02/2021,186,409.85,86,241.10,5,0.00,277,650.95,,,
07/02/2021,166,362.15,55,157.40,1,7.90,222,527.45,,,
08/02/2021,124,261.10,48,132.80,3,0.00,175,393.90,,,
09/02/2021,116,232.50,42,116.90,4,0.00,162,349.40,,,
10/02/2021,93,193.85,31,83.30,6,0.00,130,277.15,,,
11/02/2021,94,214.40,31,93.90,4,0.00,129,308.30,,,
12/02/2021,87,202.90,38,94.00,4,0.00,129,296.90,,,
13/02/2021,181,393.60,77,217.00,,,258,610.60,,,
14/02/2021,192,411.65,102,313.50,3,0.00,297,725.15,,,
15/02/2021,137,279.64,57,165.10,6,0.00,200,444.74,,,
16/02/2021,78,158.75,36,109.30,6,0.00,120,268.05,,,
17/02/2021,119,258.00,59,151.10,3,0.00,181,409.10,,,
18/02/2021,104,212.40,46,130.10,2,0.00,152,342.50,,,
19/02/2021,83,167.70,37,107.50,5,7.90,125,283.10,,,
20/02/2021,161,367.65,83,247.70,6,15.80,250,631.15,,,
21/02/2021,199,448.05,85,258.30,,,284,706.35,,,
22/02/2021,124,260.25,44,124.50,3,0.00,171,384.75,,,
23/02/2021,116,244.30,39,120.10,9,0.00,164,364.40,,,
24/02/2021,106,236.70,43,127.30,6,0.00,155,364.00,,,
25/02/2021,104,221.75,46,123.40,2,0.00,152,345.15,,,
26/02/2021,107,238.45,43,141.80,2,0.00,152,380.25,,,
27/02/2021,205,458.20,82,253.70,8,12.80,295,724.70,,,
28/02/2021,171,402.80,81,253.50,,,252,656.30,,,
01/03/2021,149,311.70,54,159.60,5,7.90,208,479.20,,,
02/03/2021,90,196.10,52,113.70,4,0.00,146,309.80,,,
03/03/2021,145,310.45,67,206.90,18,0.00,230,517.35,,,
04/03/2021,109,238.05,48,140.70,5,13.60,162,392.35,,,
05/03/2021,121,266.20,63,203.30,7,4.80,191,474.30,,,
06/03/2021,193,435.75,80,233.40,4,0.00,277,669.15,,,
07/03/2021,176,410.35,89,276.60,3,7.90,268,694.85,,,
08/03/2021,144,326.25,52,170.30,1,0.00,197,496.55,,,
09/03/2021,124,279.60,67,224.20,1,0.00,192,503.80,,,
10/03/2021,97,222.25,42,121.90,1,0.00,140,344.15,,,
11/03/2021,120,498.80,44,146.60,,,164,645.40,,,
12/03/2021,124,250.50,50,137.10,3,15.80,177,403.40,,,
13/03/2021,235,531.05,109,366.90,11,248.75,355,1146.70,,,
14/03/2021,168,337.90,88,270.90,7,0.00,263,608.80,,,
15/03/2021,120,283.70,58,198.70,4,0.00,182,482.40,,,
16/03/2021,112,246.00,55,140.00,1,7.90,168,393.90,,,
17/03/2021,134,285.05,41,100.20,1,0.00,176,385.25,,,
18/03/2021,113,242.75,35,106.00,,,148,348.75,,,
19/03/2021,176,366.75,81,226.80,1,0.00,258,593.55,,,
20/03/2021,236,487.75,96,286.50,9,7.90,341,782.15,,,
21/03/2021,211,464.05,82,243.60,8,0.00,301,707.65,,,
22/03/2021,143,288.90,74,229.70,1,0.00,218,518.60,,,
23/03/2021,129,271.40,57,150.10,3,0.00,189,421.50,,,
24/03/2021,81,177.05,37,112.00,,,118,289.05,,,
25/03/2021,108,229.60,57,156.50,,,165,386.10,,,
26/03/2021,111,229.80,63,196.70,8,15.80,182,442.30,,,
27/03/2021,144,334.75,67,166.30,4,7.90,215,508.95,,,
28/03/2021,128,288.90,63,191.70,,,191,480.60,,,
29/03/2021,142,293.35,75,235.40,,,217,528.75,,,
30/03/2021,154,323.45,87,285.00,2,0.00,243,608.45,,,
31/03/2021,71,159.00,41,131.00,2,0.00,114,290.00,,,
01/04/2021,138,291.75,83,249.90,8,0.00,229,541.65,,,
02/04/2021,147,320.30,77,246.60,5,7.90,229,574.80,,,
03/04/2021,150,358.90,58,181.60,3,7.90,211,548.40,,,
04/04/2021,106,230.45,64,196.20,8,0.00,178,426.65,,,
05/04/2021,118,260.10,61,216.40,5,12.70,184,489.20,,,
06/04/2021,90,189.85,49,142.90,2,7.90,141,340.65,,,
07/04/2021,102,203.60,39,100.30,,,141,303.90,,,
08/04/2021,97,219.15,39,109.80,2,0.00,138,328.95,,,
09/04/2021,134,276.35,49,156.80,,,183,433.15,,,
10/04/2021,193,401.90,77,223.10,14,7.90,284,632.90,,,
11/04/2021,219,467.80,110,342.60,13,4.80,342,815.20,,,
12/04/2021,187,391.10,83,263.90,6,39.50,276,694.50,,,
13/04/2021,182,385.10,67,204.90,6,7.90,255,597.90,,,
14/04/2021,141,298.85,75,217.90,5,7.90,221,524.65,,,
15/04/2021,101,198.10,36,95.00,1,7.90,138,301.00,,,
16/04/2021,116,231.90,49,145.40,3,0.00,168,377.30,,,
17/04/2021,171,373.25,91,259.80,3,0.00,265,633.05,,,
18/04/2021,128,272.15,61,214.00,6,15.80,195,501.95,,,
19/04/2021,113,220.80,80,210.60,2,0.00,195,431.40,,,
20/04/2021,109,232.00,49,142.10,,,158,374.10,,,
21/04/2021,114,229.35,56,145.40,2,0.00,172,374.75,,,
22/04/2021,126,258.00,52,155.50,,,178,413.50,,,
23/04/2021,134,275.70,60,180.40,1,0.00,195,456.10,,,
24/04/2021,189,417.75,94,308.10,3,0.00,286,725.85,,,
25/04/2021,183,410.60,77,268.00,2,0.00,262,678.60,,,
26/04/2021,108,224.20,35,97.40,2,15.80,145,337.40,,,
27/04/2021,154,311.10,58,169.60,,,212,480.70,,,
28/04/2021,129,267.85,45,121.10,,,174,388.95,,,
29/04/2021,111,222.75,48,138.50,3,0.00,162,361.25,,,
30/04/2021,116,234.75,51,130.80,2,0.00,169,365.55,,,
01/05/2021,175,380.80,86,295.10,4,7.90,265,683.80,,,
02/05/2021,202,454.25,95,287.10,10,0.00,307,741.35,,,
03/05/2021,137,285.35,79,211.40,1,0.00,217,496.75,,,
04/05/2021,180,377.85,83,259.00,,,263,636.85,,,
05/05/2021,94,202.25,31,86.60,,,125,288.85,,,
06/05/2021,112,239.70,47,138.80,2,0.00,161,378.50,,,
07/05/2021,117,247.55,54,151.90,1,0.00,172,399.45,,,
08/05/2021,172,369.96,90,280.30,2,7.90,264,658.16,,,
09/05/2021,203,440.25,89,281.10,3,4.80,295,726.15,,,
10/05/2021,146,290.60,71,222.00,3,17.50,220,530.10,,,
11/05/2021,146,293.80,62,168.80,,,208,462.60,,,
12/05/2021,111,245.60,47,133.60,1,0.00,159,379.20,,,
13/05/2021,109,238.45,51,164.50,,,160,402.95,,,
14/05/2021,129,279.70,82,245.50,2,0.00,213,525.20,,,
15/05/2021,218,512.20,107,323.80,7,0.00,332,836.00,,,
16/05/2021,194,464.80,107,344.60,6,15.80,307,825.20,,,
17/05/2021,188,396.85,71,199.30,3,0.00,262,596.15,,,
18/05/2021,206,412.65,68,190.70,,,274,603.35,,,
19/05/2021,95,198.50,50,122.50,2,15.80,147,336.80,,,
20/05/2021,98,202.20,49,134.70,13,0.00,160,336.90,,,
21/05/2021,135,296.85,60,166.70,,,195,463.55,,,
22/05/2021,256,565.75,122,372.40,11,7.90,389,946.05,,,
23/05/2021,234,535.95,152,457.40,6,0.00,392,993.35,,,
24/05/2021,149,310.00,60,175.30,4,23.70,213,509.00,,,
25/05/2021,141,300.95,98,298.90,4,11.30,243,611.15,,,
26/05/2021,152,320.50,83,238.60,5,23.70,240,582.80,,,
27/05/2021,141,316.75,75,214.40,5,0.00,221,531.15,,,
28/05/2021,157,326.20,64,175.20,2,0.00,223,501.40,,,
29/05/2021,215,507.75,131,413.40,8,0.00,354,921.15,,,
30/05/2021,150,333.35,107,320.00,4,7.00,261,660.35,,,
31/05/2021,138,284.50,56,160.00,17,15.80,211,460.30,,,
01/06/2021,113,225.00,52,168.70,,,165,393.70,,,
02/06/2021,98,202.00,41,125.00,2,15.80,141,342.80,,,
03/06/2021,158,320.50,59,177.00,4,0.00,221,497.50,,,
04/06/2021,133,295.50,49,151.30,,,182,446.80,,,
05/06/2021,308,700.00,167,514.60,11,7.90,486,1222.50,,,
06/06/2021,158,362.35,97,308.10,2,0.00,257,670.45,,,
07/06/2021,199,585.15,77,225.80,4,27.10,280,838.05,,,
08/06/2021,140,299.35,57,155.80,6,15.80,203,470.95,,,
09/06/2021,119,249.10,47,115.30,5,15.80,171,380.20,,,
10/06/2021,134,278.55,78,247.30,13,0.00,225,525.85,,,
11/06/2021,159,339.40,98,292.90,4,7.90,261,640.20,,,
12/06/2021,196,439.70,135,378.30,3,0.00,334,818.00,,,
13/06/2021,207,482.60,106,337.50,3,0.00,316,820.10,,,
14/06/2021,132,293.30,79,236.60,11,35.00,222,564.90,,,
15/06/2021,121,255.35,59,185.10,3,24.70,183,465.15,,,
16/06/2021,179,397.85,89,253.90,7,28.70,275,680.45,,,
17/06/2021,126,295.70,69,222.30,2,8.90,197,526.90,,,
18/06/2021,163,363.05,70,223.10,7,28.50,240,614.65,,,
19/06/2021,225,504.05,158,439.00,10,5.30,393,948.35,,,
20/06/2021,199,455.90,110,316.80,5,0.00,314,772.70,,,
21/06/2021,169,356.70,71,193.10,4,17.80,244,567.60,,,
22/06/2021,166,358.10,83,264.20,9,7.00,258,629.30,,,
23/06/2021,145,325.50,64,193.60,3,16.80,212,535.90,,,
24/06/2021,113,255.70,58,158.30,,,171,414.00,,,
25/06/2021,139,308.80,69,235.20,4,8.90,212,552.90,,,
26/06/2021,184,404.80,105,318.50,8,7.90,297,731.20,,,
27/06/2021,192,440.60,139,463.60,9,7.90,340,912.10,,,
28/06/2021,167,370.35,87,292.00,4,16.80,258,679.15,,,
29/06/2021,151,316.35,89,302.10,5,0.00,245,618.45,,,
30/06/2021,126,277.20,53,183.70,2,7.90,181,468.80,,,
01/07/2021,168,365.75,61,184.50,4,8.90,233,559.15,,,
02/07/2021,148,330.35,59,189.10,9,14.40,216,533.85,,,
03/07/2021,225,517.55,124,432.00,31,101.40,380,1050.95,,,
04/07/2021,175,393.20,113,421.70,4,0.00,292,814.90,,,
05/07/2021,162,353.55,91,283.10,6,16.40,259,653.05,,,
06/07/2021,156,353.50,66,189.40,8,4.80,230,547.70,,,
07/07/2021,133,297.25,75,251.70,5,0.00,213,548.95,,,
08/07/2021,122,297.55,88,291.50,6,16.80,216,605.85,,,
09/07/2021,161,336.65,98,239.20,4,7.90,263,583.75,,,
10/07/2021,184,407.65,130,390.40,5,7.90,319,805.95,,,
11/07/2021,118,302.90,76,247.90,7,7.90,201,558.70,,,
12/07/2021,194,438.15,109,359.90,8,18.50,311,816.55,,,
13/07/2021,160,353.70,93,290.70,1,0.00,254,644.40,,,
14/07/2021,134,306.80,82,215.90,5,8.90,221,531.60,,,
15/07/2021,141,320.80,72,222.20,5,15.80,218,558.80,,,
16/07/2021,122,262.80,57,186.80,6,4.80,185,454.40,,,
17/07/2021,155,356.85,100,277.00,2,0.00,257,633.85,,,
18/07/2021,146,329.40,91,321.50,2,7.90,239,658.80,,,
19/07/2021,176,386.20,117,379.20,5,40.60,298,806.00,,,
20/07/2021,153,343.55,82,243.10,10,29.20,245,615.85,,,
21/07/2021,126,282.20,61,198.70,12,40.50,199,521.40,,,
22/07/2021,102,208.50,71,223.40,7,17.80,180,449.70,,,
23/07/2021,139,292.50,79,269.50,4,13.70,222,575.70,,,
24/07/2021,127,281.40,104,346.40,12,0.00,243,627.80,,,
25/07/2021,127,277.15,95,346.10,7,0.00,229,623.25,,,
26/07/2021,120,278.40,69,244.30,2,15.80,191,538.50,,,
27/07/2021,168,361.30,94,261.60,5,7.90,267,630.80,,,
28/07/2021,144,315.90,102,300.30,5,0.00,251,616.20,,,
29/07/2021,136,288.60,71,229.50,,,207,518.10,,,
30/07/2021,133,299.35,80,265.70,5,31.60,218,596.65,,,
31/07/2021,142,321.70,73,232.20,,,215,553.90,,,
01/08/2021,149,351.60,118,428.90,2,0.00,269,780.50,,,
02/08/2021,145,308.55,79,266.20,,,224,574.75,,,
03/08/2021,148,330.50,94,262.10,6,7.00,248,599.60,,,
04/08/2021,142,324.45,76,233.00,10,44.70,228,602.15,,,
05/08/2021,143,317.45,88,331.90,4,15.80,235,665.15,,,
06/08/2021,147,335.35,90,259.60,2,17.80,239,612.75,,,
07/08/2021,148,332.55,118,347.30,6,7.90,272,687.75,,,
08/08/2021,211,494.00,121,366.80,6,12.70,338,873.50,,,
09/08/2021,161,350.95,90,293.00,6,15.80,257,659.75,,,
10/08/2021,156,349.20,106,287.80,6,16.80,268,653.80,,,
11/08/2021,179,413.50,79,243.80,7,16.80,265,674.10,,,
12/08/2021,145,334.40,69,210.00,6,225.70,220,770.10,,,
13/08/2021,161,373.20,78,219.50,5,0.00,244,592.70,,,
14/08/2021,137,314.35,113,323.60,1,8.90,251,646.85,,,
15/08/2021,168,375.55,89,280.60,8,41.50,265,697.65,,,
16/08/2021,178,407.75,107,359.20,14,47.10,299,814.05,,,
17/08/2021,136,294.75,82,285.70,2,7.90,220,588.35,,,
18/08/2021,161,329.70,100,290.50,7,17.80,268,638.00,,,
19/08/2021,156,336.45,73,214.00,9,34.20,238,584.65,,,
20/08/2021,164,365.30,94,301.80,55,8.90,313,676.00,,,
21/08/2021,229,512.45,149,422.60,9,8.90,387,943.95,,,
22/08/2021,183,404.15,93,298.40,12,24.70,288,727.25,,,
23/08/2021,158,349.90,92,281.90,6,16.80,256,648.60,,,
24/08/2021,181,393.30,112,341.40,1,0.00,294,734.70,,,
25/08/2021,142,287.85,80,259.70,5,12.70,227,560.25,,,
26/08/2021,148,303.65,85,260.30,9,8.90,242,572.85,,,
27/08/2021,133,296.75,84,240.50,5,0.00,222,537.25,,,
28/08/2021,162,353.65,107,347.30,3,16.80,272,717.75,,,
29/08/2021,206,457.65,105,350.50,4,8.90,315,817.05,,,
30/08/2021,165,345.70,145,414.80,7,36.40,317,796.90,,,
31/08/2021,116,249.25,52,178.40,5,4.80,173,432.45,,,
01/09/2021,119,252.20,55,152.10,5,0.00,179,404.30,,,
02/09/2021,159,379.15,92,274.00,9,32.60,260,685.75,,,
03/09/2021,127,278.40,69,190.50,4,7.90,200,476.80,,,
04/09/2021,196,444.05,134,349.70,7,0.00,337,793.75,,,
05/09/2021,181,427.40,131,374.90,5,21.60,317,823.90,,,
06/09/2021,219,506.95,112,363.80,6,7.90,337,878.65,,,
07/09/2021,182,392.85,100,336.80,4,17.80,286,747.45,,,
08/09/2021,154,339.95,103,325.50,6,13.70,263,679.15,,,
09/09/2021,151,339.40,109,342.90,9,20.60,269,702.90,,,
10/09/2021,186,409.30,111,366.90,9,0.00,306,776.20,,,
11/09/2021,297,653.90,203,497.80,11,8.90,511,1160.60,,,
12/09/2021,272,586.40,169,552.20,8,18.50,449,1157.10,,,
13/09/2021,167,357.35,123,337.00,10,16.80,300,711.15,,,
14/09/2021,288,649.85,132,407.90,11,17.70,431,1075.45,,,
15/09/2021,213,471.10,99,335.60,27,16.80,339,823.50,,,
16/09/2021,211,462.35,119,371.80,22,23.30,352,857.45,,,
17/09/2021,210,463.80,103,331.80,17,7.90,330,803.50,,,
18/09/2021,322,689.45,198,534.70,23,15.20,543,1239.35,,,
19/09/2021,314,686.15,242,690.50,27,79.90,583,1456.55,,,
20/09/2021,261,559.65,137,449.30,13,15.80,411,1024.75,,,
21/09/2021,254,543.70,116,395.60,4,7.90,374,947.20,,,
22/09/2021,196,450.10,98,334.10,19,41.50,313,825.70,,,
23/09/2021,221,467.20,112,348.80,14,35.60,347,851.60,,,
24/09/2021,278,613.10,181,536.80,23,76.10,482,1226.00,,,
25/09/2021,365,855.10,270,810.60,25,34.70,660,1700.40,,,
26/09/2021,367,864.45,228,707.90,43,21.60,638,1593.95,,,
27/09/2021,214,476.70,125,400.10,8,15.80,347,892.60,,,
28/09/2021,171,365.00,108,332.60,22,7.90,301,705.50,,,
29/09/2021,205,461.40,83,242.10,20,8.90,308,712.40,,,
30/09/2021,175,367.95,102,278.70,24,41.50,301,688.15,,,
01/10/2021,225,495.55,110,323.20,15,58.00,350,876.75,,,
02/10/2021,337,744.80,229,822.50,26,35.30,592,1602.60,,,
03/10/2021,373,874.25,181,613.20,23,42.20,577,1529.65,,,
04/10/2021,224,475.45,100,308.00,17,26.40,341,809.85,,,
05/10/2021,152,318.95,84,273.10,9,12.70,245,604.75,,,
06/10/2021,183,400.20,117,413.90,12,36.40,312,850.50,,,
07/10/2021,219,476.00,124,400.20,15,9.60,358,885.80,,,
08/10/2021,199,449.80,119,407.15,11,36.40,329,893.35,,,
09/10/2021,415,918.70,244,886.60,37,99.20,696,1904.50,,,
10/10/2021,415,967.60,285,1002.30,39,51.40,739,2021.30,,,
11/10/2021,365,812.75,227,821.70,22,66.70,614,1701.15,,,
12/10/2021,328,744.40,208,732.50,29,41.50,565,1518.40,,,
13/10/2021,175,398.95,98,363.20,19,50.40,292,812.55,,,
14/10/2021,186,416.10,108,303.00,19,8.90,313,728.00,,,
15/10/2021,274,574.70,161,555.40,20,32.60,455,1162.70,,,
16/10/2021,447,957.30,247,866.90,59,118.70,753,1942.90,,,
17/10/2021,353,807.15,219,767.44,37,52.16,609,1626.75,,,
18/10/2021,209,471.20,141,441.40,22,47.30,372,959.90,,,
19/10/2021,199,435.15,102,341.90,10,0.00,311,777.05,,,
20/10/2021,214,472.30,118,355.60,18,40.50,350,868.40,,,
21/10/2021,249,571.10,137,454.40,30,48.30,416,1073.80,,,
22/10/2021,268,609.35,148,485.80,20,32.60,436,1127.75,,,
23/10/2021,431,946.21,231,794.60,42,20.60,704,1761.41,,,
24/10/2021,375,854.60,233,811.00,26,24.70,634,1690.30,,,
25/10/2021,295,644.45,160,539.70,25,40.50,480,1224.65,,,
26/10/2021,251,550.70,140,478.70,27,26.40,418,1055.80,,,
27/10/2021,202,429.95,112,349.30,10,30.50,324,809.75,,,
28/10/2021,241,546.45,158,531.10,25,38.40,424,1115.95,,,
29/10/2021,270,629.60,139,463.70,14,13.70,423,1107.00,,,
30/10/2021,478,1048.20,280,971.60,42,93.30,800,2113.10,,,
31/10/2021,458,1056.65,297,1096.30,28,79.90,783,2232.85,,,
01/11/2021,448,1040.95,309,1068.10,56,63.20,813,2172.25,,,
02/11/2021,320,702.10,141,491.40,22,66.90,483,1260.40,,,
03/11/2021,272,596.20,127,412.60,24,46.30,423,1055.10,,,
04/11/2021,350,742.15,153,490.70,42,31.20,545,1264.05,,,
05/11/2021,283,657.05,140,431.20,24,23.30,447,1111.55,,,
06/11/2021,407,915.40,254,857.30,26,64.60,687,1837.30,,,
07/11/2021,437,1015.05,263,873.70,16,16.80,716,1905.55,,,
08/11/2021,222,498.35,136,431.10,20,38.10,378,967.55,,,
09/11/2021,323,737.31,133,430.94,25,20.62,481,1188.87,,,
10/11/2021,260,564.65,150,488.90,24,31.20,434,1084.75,,,
11/11/2021,322,682.90,149,492.70,14,45.90,485,1221.50,,,
12/11/2021,377,865.45,198,711.80,40,48.90,615,1626.15,,,
13/11/2021,518,1147.35,304,1043.20,68,25.70,890,2216.25,,,
14/11/2021,521,1213.15,297,1041.40,61,79.10,879,2333.65,,,
15/11/2021,264,588.10,126,365.00,11,22.10,401,975.20,,,
16/11/2021,302,646.95,168,538.60,25,57.80,495,1243.35,,,
17/11/2021,270,581.35,131,439.80,8,21.60,409,1042.75,,,
18/11/2021,239,585.00,121,401.70,26,25.50,386,1012.20,,,
19/11/2021,324,730.20,160,556.30,34,52.30,518,1338.80,,,
20/11/2021,454,1023.95,262,799.50,44,37.90,760,1861.35,,,
21/11/2021,458,1025.30,256,831.30,55,45.80,769,1902.40,,,
22/11/2021,288,628.75,139,427.70,19,12.70,446,1069.15,,,
23/11/2021,209,460.25,93,317.60,18,25.70,320,803.55,,,
24/11/2021,305,661.65,111,385.70,15,33.60,431,1080.95,,,
25/11/2021,243,539.65,99,314.30,22,5.30,364,859.25,,,
26/11/2021,305,686.05,182,656.80,26,5.80,513,1348.65,,,
27/11/2021,970,2254.95,577,2025.70,41,98.40,1588,4379.05,,,
29/11/2021,313,666.50,160,494.60,31,35.30,504,1196.40,,,
30/11/2021,227,528.85,104,354.50,13,18.50,344,901.85,,,
01/12/2021,245,535.20,120,390.40,7,22.30,372,947.90,,,
02/12/2021,281,664.95,152,499.50,18,7.90,451,1172.35,,,
03/12/2021,274,620.25,127,430.70,18,26.20,419,1077.15,,,
04/12/2021,355,789.35,210,673.00,18,13.70,583,1476.05,,,
05/12/2021,549,1250.40,322,1041.50,42,73.70,913,2365.60,,,
06/12/2021,627,1397.58,414,1343.00,68,64.10,1109,2804.68,,,
07/12/2021,390,905.50,221,696.10,22,57.20,633,1658.80,,,
08/12/2021,362,793.55,205,683.80,22,64.90,589,1542.25,,,
09/12/2021,254,548.20,120,330.20,12,13.70,386,892.10,,,
10/12/2021,296,673.50,120,384.20,9,0.00,425,1057.70,,,
11/12/2021,335,757.45,215,696.00,13,32.60,563,1486.05,,,
12/12/2021,418,961.05,227,763.30,42,19.30,687,1743.65,,,
13/12/2021,247,559.00,127,430.90,11,25.70,385,1015.60,,,
14/12/2021,262,586.85,117,379.80,16,12.70,395,979.35,,,
15/12/2021,204,446.15,108,330.10,15,0.00,327,776.25,,,
16/12/2021,266,573.90,126,397.50,23,44.40,415,1015.80,,,
17/12/2021,263,590.40,134,410.80,29,40.50,426,1041.70,,,
18/12/2021,322,744.80,165,521.90,32,24.20,519,1290.90,,,
19/12/2021,393,930.05,224,777.10,26,19.00,643,1726.15,,,
20/12/2021,274,595.55,156,567.50,22,60.00,452,1223.05,,,
21/12/2021,228,496.50,131,476.20,16,24.20,375,996.90,,,
22/12/2021,182,421.60,112,405.70,19,20.00,313,847.30,,,
23/12/2021,152,320.40,75,223.70,2,15.80,229,559.90,,,
24/12/2021,83,181.65,47,173.50,6,7.90,136,363.05,,,
26/12/2021,221,488.95,147,489.00,7,22.60,375,1000.55,,,
27/12/2021,277,611.80,147,532.60,12,20.60,436,1165.00,,,
28/12/2021,272,627.25,160,606.40,9,39.50,441,1273.15,,,
29/12/2021,323,713.20,188,671.60,31,17.80,542,1402.60,,,
30/12/2021,241,549.05,163,574.00,24,14.40,428,1137.45,,,
31/12/2021,169,394.55,116,393.00,8,8.40,293,795.95,,,
01/01/2022,281,643.00,208,779.00,25,25.90,514,1447.90,,,
02/01/2022,321,734.65,158,548.30,27,43.20,506,1326.15,,,
03/01/2022,259,580.40,178,622.10,18,50.60,455,1253.10,,,
04/01/2022,235,524.45,179,580.00,7,12.70,421,1117.15,,,
05/01/2022,200,455.05,128,430.10,15,22.30,343,907.45,,,
07/01/2022,231,511.15,125,372.60,18,4.80,374,888.55,,,
08/01/2022,299,644.05,182,595.30,12,12.70,493,1252.05,,,
09/01/2022,284,616.15,140,463.60,9,0.00,433,1079.75,,,
10/01/2022,153,344.65,66,217.30,16,31.00,235,592.95,,,
11/01/2022,115,261.95,59,166.20,7,21.60,181,449.75,,,
12/01/2022,168,357.45,90,304.10,13,17.80,271,679.35,,,
13/01/2022,176,379.05,82,232.00,6,0.00,264,611.05,,,
14/01/2022,211,440.30,91,267.90,8,0.00,310,708.20,,,
15/01/2022,285,655.25,149,480.20,19,12.70,453,1148.15,,,
16/01/2022,310,683.05,146,503.50,18,5.80,474,1192.35,,,
17/01/2022,182,428.30,94,332.30,12,28.50,288,789.10,,,
18/01/2022,149,345.35,51,189.20,6,7.90,206,542.45,,,
19/01/2022,145,305.15,60,182.50,17,0.50,222,488.15,,,
20/01/2022,195,432.55,90,267.60,16,43.50,301,743.65,,,
21/01/2022,241,553.80,98,316.40,5,0.00,344,870.20,,,
22/01/2022,265,610.45,179,600.20,8,15.80,452,1226.45,,,
23/01/2022,313,682.65,156,499.60,11,25.40,480,1207.65,,,
24/01/2022,224,455.40,110,363.10,8,23.70,342,842.20,,,
25/01/2022,213,475.20,102,334.20,18,22.30,333,831.70,,,
26/01/2022,186,400.55,98,312.10,17,17.80,301,730.45,,,
27/01/2022,175,363.35,76,233.20,4,0.00,255,596.55,,,
28/01/2022,278,601.05,150,526.60,14,4.80,442,1132.45,,,
29/01/2022,356,834.50,196,657.40,26,41.50,578,1533.40,,,
30/01/2022,381,873.75,212,739.40,39,55.70,632,1668.85,,,
31/01/2022,222,476.75,107,324.80,14,35.30,343,836.85,,,
01/02/2022,295,730.55,109,443.30,9,0.00,413,1173.85,,,
02/02/2022,208,449.65,89,296.50,14,0.50,311,746.65,,,
03/02/2022,208,430.20,91,261.40,9,8.90,308,700.50,,,
04/02/2022,210,455.55,102,309.80,14,26.90,326,792.25,,,
05/02/2022,464,1007.00,261,883.60,24,9.60,749,1900.20,,,
06/02/2022,297,710.90,181,617.00,47,7.30,525,1335.20,,,
07/02/2022,196,397.70,85,257.20,30,7.90,311,662.80,,,
08/02/2022,177,386.60,80,239.30,17,1.00,274,626.90,,,
09/02/2022,208,423.20,96,325.00,29,22.60,333,770.80,,,
10/02/2022,216,463.85,87,272.20,24,0.50,327,736.55,,,
11/02/2022,209,440.90,109,403.30,20,14.20,338,858.40,,,
12/02/2022,366,813.70,211,756.40,40,54.70,617,1624.80,,,
13/02/2022,401,942.90,246,852.40,37,49.40,684,1844.70,,,
14/02/2022,261,579.80,140,430.90,12,17.50,413,1028.20,,,
15/02/2022,231,465.05,100,347.20,18,25.70,349,837.95,,,
16/02/2022,261,521.10,115,368.60,15,3.20,391,892.90,,,
17/02/2022,237,493.00,110,365.30,37,38.40,384,896.70,,,
18/02/2022,241,523.05,128,420.40,25,16.80,394,960.25,,,
19/02/2022,483,1051.85,214,679.10,48,17.80,745,1748.75,,,
20/02/2022,439,1026.30,277,1006.10,49,62.60,765,2095.00,,,
21/02/2022,303,649.75,126,468.70,18,0.50,447,1118.95,,,
22/02/2022,279,620.00,106,367.00,18,42.50,403,1029.50,,,
23/02/2022,332,721.15,128,450.30,28,38.90,488,1210.35,,,
24/02/2022,302,641.10,125,416.30,38,23.10,465,1080.50,,,
25/02/2022,384,847.25,170,624.75,21,62.20,575,1534.20,,,
26/02/2022,545,1266.45,252,867.25,27,24.10,824,2157.80,,,
27/02/2022,539,1238.30,306,1111.90,57,92.00,902,2442.20,,,
28/02/2022,376,827.40,216,789.50,32,45.10,624,1662.00,,,
01/03/2022,255,560.15,111,381.60,16,14.10,382,955.85,,,
02/03/2022,270,586.60,127,440.50,23,18.00,420,1045.10,,,
03/03/2022,305,668.25,167,566.20,17,24.10,489,1258.55,,,
04/03/2022,351,793.60,151,505.40,25,26.90,527,1325.90,,,
05/03/2022,546,1214.35,279,968.65,61,45.30,886,2228.30,,,
06/03/2022,560,1267.35,270,962.40,59,61.30,889,2291.05,,,
07/03/2022,357,774.70,155,536.55,23,25.90,535,1337.15,,,
08/03/2022,383,836.20,171,605.05,31,25.10,585,1466.35,,,
09/03/2022,304,667.00,148,504.20,25,34.00,477,1205.20,,,
10/03/2022,258,549.05,120,411.20,32,5.70,410,965.95,,,
11/03/2022,367,865.90,192,673.70,27,53.70,586,1593.30,,,
12/03/2022,551,1289.55,299,1102.60,43,1.50,893,2393.65,,,
13/03/2022,477,1054.95,271,1020.55,70,19.80,818,2095.30,,,
14/03/2022,302,658.45,163,545.50,16,36.30,481,1240.25,,,
15/03/2022,221,507.35,114,361.95,5,9.40,340,878.70,,,
16/03/2022,246,582.85,118,434.30,15,8.50,379,1025.65,,,
17/03/2022,332,744.55,133,461.00,26,1.00,491,1206.55,,,
18/03/2022,377,872.70,180,647.15,44,34.90,601,1554.75,,,
19/03/2022,535,1259.25,301,1072.50,44,37.30,880,2369.05,,,
20/03/2022,798,1867.55,313,1151.20,46,19.40,1157,3038.15,,,
21/03/2022,351,817.60,191,671.30,20,69.20,562,1558.10,,,
22/03/2022,253,577.20,125,427.10,24,27.40,402,1031.70,,,
23/03/2022,266,569.60,117,407.50,24,35.90,407,1013.00,,,
24/03/2022,284,668.80,146,533.85,16,40.10,446,1242.75,,,
25/03/2022,353,817.75,173,629.25,21,8.50,547,1455.50,,,
26/03/2022,531,1190.00,260,931.15,34,48.60,825,2169.75,,,
27/03/2022,578,1271.50,307,1067.35,55,0.50,940,2339.35,,,
28/03/2022,300,690.00,158,568.35,23,60.30,481,1318.65,,,
29/03/2022,292,650.35,138,472.55,34,26.30,464,1149.20,,,
30/03/2022,259,587.30,117,421.45,20,39.60,396,1048.35,,,
31/03/2022,303,667.65,126,459.70,26,17.40,455,1144.75,,,
01/04/2022,359,790.70,178,610.30,21,28.10,558,1429.10,,,
02/04/2022,448,1048.65,242,850.75,40,70.90,730,1970.30,,,
03/04/2022,531,1232.35,311,1123.95,26,18.90,868,2375.20,,,
04/04/2022,236,543.55,125,425.70,12,43.70,373,1012.95,,,
05/04/2022,267,604.65,148,481.30,29,40.10,444,1126.05,,,
06/04/2022,246,553.25,131,520.50,18,23.00,395,1096.75,,,
07/04/2022,248,594.05,143,472.10,26,9.50,417,1075.65,,,
08/04/2022,314,722.20,160,556.30,23,48.10,497,1326.60,,,
09/04/2022,406,924.55,208,732.70,24,35.40,638,1692.65,,,
10/04/2022,476,1116.35,311,1072.85,66,84.00,853,2273.20,,,
11/04/2022,352,839.40,198,710.30,29,61.30,579,1611.00,,,
12/04/2022,388,914.80,217,797.00,26,17.90,631,1729.70,,,
13/04/2022,306,704.75,210,780.45,30,105.50,546,1590.70,,,
14/04/2022,404,897.50,251,952.55,40,79.50,695,1929.55,,,
15/04/2022,518,1245.90,317,1239.35,58,91.40,893,2576.65,,,
16/04/2022,494,1145.51,243,896.90,39,35.80,776,2078.21,,,
17/04/2022,423,994.50,267,992.10,20,35.30,710,2021.90,,,
18/04/2022,346,756.50,201,728.15,48,106.10,595,1590.75,,,
19/04/2022,266,664.00,163,552.75,13,8.90,442,1225.65,,,
20/04/2022,311,705.30,150,534.40,24,63.10,485,1302.80,,,
21/04/2022,369,833.25,175,683.10,47,79.60,591,1595.95,,,
22/04/2022,461,1037.70,216,776.15,37,53.30,714,1867.15,,,
23/04/2022,466,1130.40,268,986.80,7,17.40,741,2134.60,,,
24/04/2022,471,1044.30,301,1191.50,56,32.50,828,2268.30,,,
25/04/2022,346,779.40,208,756.15,46,43.60,600,1579.15,,,
26/04/2022,275,639.25,170,656.60,27,52.90,472,1348.75,,,
27/04/2022,326,738.80,165,560.60,28,67.00,519,1366.40,,,
28/04/2022,272,615.45,147,534.50,16,6.20,435,1156.15,,,
29/04/2022,311,686.10,158,573.80,34,10.50,503,1270.40,,,
30/04/2022,450,1060.10,285,1101.10,76,127.90,811,2289.10,,,
01/05/2022,443,1006.75,304,1127.35,57,59.70,804,2193.80,,,
02/05/2022,337,749.60,187,704.45,20,18.90,544,1472.95,,,
03/05/2022,341,783.85,165,600.65,18,42.90,524,1427.40,,,
04/05/2022,278,631.90,158,534.70,26,43.70,462,1210.30,,,
05/05/2022,273,599.90,155,523.15,28,69.30,456,1192.35,,,
06/05/2022,307,673.40,176,629.90,37,18.30,520,1321.60,,,
07/05/2022,478,1073.20,250,838.40,55,74.40,783,1986.00,,,
08/05/2022,389,905.80,252,922.00,26,53.30,667,1881.10,,,
09/05/2022,289,667.95,135,495.80,28,69.20,452,1232.95,,,
10/05/2022,281,661.35,143,502.85,18,45.10,442,1209.30,,,
11/05/2022,269,602.90,135,461.60,24,69.30,428,1133.80,,,
12/05/2022,263,592.00,103,361.70,49,43.30,415,997.00,,,
13/05/2022,215,485.75,125,454.90,26,70.10,366,1010.75,,,
14/05/2022,361,866.00,183,673.55,38,78.50,582,1618.05,,,
15/05/2022,388,860.40,205,774.00,31,80.40,624,1714.80,,,
16/05/2022,323,728.85,178,669.70,29,110.40,530,1508.95,,,
17/05/2022,221,490.50,121,425.65,19,1.00,361,917.15,,,
18/05/2022,323,760.60,148,537.05,42,34.40,513,1332.05,,,
19/05/2022,316,724.25,151,564.65,38,27.80,505,1316.70,,,
20/05/2022,283,686.70,150,567.15,22,17.40,455,1271.25,,,
21/05/2022,379,860.00,221,805.60,18,34.90,618,1700.50,,,
22/05/2022,334,797.05,217,806.40,27,78.20,578,1681.65,,,
23/05/2022,304,675.65,193,733.30,30,74.00,527,1482.95,,,
24/05/2022,288,642.15,164,651.50,29,52.60,481,1346.25,,,
25/05/2022,263,624.90,143,545.30,33,31.60,439,1201.80,,,
26/05/2022,245,559.65,131,483.90,35,26.40,411,1069.95,,,
27/05/2022,329,783.30,212,791.75,55,88.20,596,1663.25,,,
28/05/2022,387,914.80,217,810.10,28,78.10,632,1803.00,,,
29/05/2022,386,895.15,195,704.00,28,44.80,609,1643.95,,,
30/05/2022,381,880.60,199,718.95,26,60.70,606,1660.25,,,
31/05/2022,280,631.50,154,596.60,18,24.30,452,1252.40,,,
01/06/2022,313,735.30,133,521.70,25,94.30,471,1351.30,,,
02/06/2022,312,747.15,163,617.05,26,48.90,501,1413.10,,,
03/06/2022,328,725.15,186,655.70,43,109.00,557,1489.85,,,
04/06/2022,464,1065.55,293,1059.00,45,87.70,802,2212.25,,,
05/06/2022,401,987.20,256,954.60,20,52.70,677,1994.50,,,
06/06/2022,332,779.75,219,745.75,29,70.00,580,1595.50,,,
07/06/2022,310,761.10,150,584.05,42,68.80,502,1413.95,,,
08/06/2022,285,667.35,154,565.20,35,34.40,474,1266.95,,,
09/06/2022,241,586.00,107,394.50,39,26.00,387,1006.50,,,
10/06/2022,325,754.65,187,671.30,31,17.00,543,1442.95,,,
11/06/2022,422,1011.15,251,882.80,42,9.00,715,1902.95,,,
12/06/2022,320,781.40,186,723.95,29,95.20,535,1600.55,,,
13/06/2022,282,660.60,175,654.95,15,51.80,472,1367.35,,,
14/06/2022,195,468.40,99,354.15,9,17.00,303,839.55,,,
15/06/2022,212,515.40,129,465.50,23,43.30,364,1024.20,,,
16/06/2022,245,571.70,137,514.80,23,26.80,405,1113.30,,,
17/06/2022,288,673.20,152,596.45,17,59.90,457,1329.55,,,
18/06/2022,350,844.00,205,774.25,25,60.40,580,1678.65,,,
19/06/2022,231,537.80,161,568.88,16,52.80,408,1159.48,,,
20/06/2022,270,603.65,130,498.05,22,34.80,422,1136.50,,,
21/06/2022,450,1214.45,137,504.05,22,27.40,609,1745.90,,,
22/06/2022,246,564.30,135,506.10,22,35.70,403,1106.10,,,
23/06/2022,189,423.95,81,281.90,9,0.00,279,705.85,,,
24/06/2022,287,669.35,150,510.75,23,46.70,460,1226.80,,,
25/06/2022,327,765.70,183,598.50,19,18.40,529,1382.60,,,
26/06/2022,274,678.80,188,717.00,38,34.40,500,1430.20,,,
27/06/2022,236,529.45,143,534.10,29,23.10,408,1086.65,,,
28/06/2022,237,561.85,111,402.60,20,14.20,368,978.65,,,
29/06/2022,156,345.15,62,190.10,19,0.50,237,535.75,,,
30/06/2022,192,435.15,89,334.90,10,26.30,291,796.35,,,
01/07/2022,347,829.90,192,687.80,21,53.10,560,1570.80,,,
02/07/2022,287,692.10,185,647.45,21,60.30,493,1399.85,,,
03/07/2022,274,658.60,182,668.10,14,86.20,470,1412.90,,,
04/07/2022,225,515.25,133,509.55,18,35.30,376,1060.10,,,
05/07/2022,287,640.75,148,547.20,24,35.00,459,1222.95,,,
06/07/2022,275,603.76,113,390.15,26,35.40,414,1029.31,,,
07/07/2022,247,569.25,173,628.80,23,18.40,443,1216.45,,,
08/07/2022,404,38.10,287,1023.05,23,43.30,714,1104.45,,,
09/07/2022,186,1348.85,95,357.55,979,3363.00,1260,5069.40,,,
10/07/2022,213,499.10,103,398.40,9,52.60,325,950.10,,,
11/07/2022,227,525.85,141,523.10,19,48.10,387,1097.05,,,
12/07/2022,194,455.05,113,450.65,10,51.40,317,957.10,,,
13/07/2022,168,375.55,88,340.80,26,78.60,282,794.95,,,
14/07/2022,189,440.20,97,336.05,16,70.00,302,846.25,,,
15/07/2022,223,528.70,112,387.25,42,62.10,377,978.05,,,
16/07/2022,226,553.50,143,545.35,18,69.60,387,1168.45,,,
17/07/2022,221,530.55,133,515.25,19,56.60,373,1102.40,,,
18/07/2022,243,550.85,146,529.85,27,74.40,416,1155.10,,,
19/07/2022,175,421.00,93,343.10,14,35.80,282,799.90,,,
20/07/2022,223,501.20,106,348.00,9,8.50,338,857.70,,,
21/07/2022,197,472.50,118,422.90,13,18.30,328,913.70,,,
22/07/2022,175,409.25,128,488.10,24,22.70,327,920.05,,,
23/07/2022,236,550.85,153,560.45,20,42.90,409,1154.20,,,
24/07/2022,246,598.35,143,548.15,14,42.90,403,1189.40,,,
01/08/2022,181,400.35,98,350.15,13,57.80,292,808.30,,,
02/08/2022,176,393.60,90,334.55,12,17.40,278,745.55,,,
03/08/2022,162,365.15,102,434.05,22,43.40,286,842.60,,,
04/08/2022,135,331.70,91,330.85,13,42.50,239,705.05,,,
05/08/2022,174,432.10,128,466.75,6,8.50,308,907.35,,,
06/08/2022,252,599.60,156,540.05,6,44.10,414,1183.75,,,
07/08/2022,273,660.95,158,586.90,20,69.20,451,1317.05,,,
08/08/2022,229,559.55,144,497.95,10,8.50,383,1066.00,,,
09/08/2022,224,519.10,136,482.10,18,78.60,378,1079.80,,,
10/08/2022,205,439.05,120,417.35,17,43.70,342,900.10,,,
11/08/2022,221,503.50,139,482.35,23,44.10,383,1029.95,,,
12/08/2022,563,1319.90,365,1320.90,25,72.90,953,2713.70,,,
14/08/2022,307,758.15,216,816.55,22,79.90,545,1654.60,,,
15/08/2022,317,773.20,187,670.50,33,77.30,537,1521.00,,,
16/08/2022,244,561.55,142,528.70,20,45.30,406,1135.55,,,
17/08/2022,252,583.90,169,621.95,19,1.00,440,1206.85,,,
18/08/2022,247,544.40,158,550.95,30,51.40,435,1146.75,,,
19/08/2022,293,677.00,175,611.65,13,51.40,481,1340.05,,,
20/08/2022,332,758.70,183,636.50,32,51.50,547,1446.70,,,
21/08/2022,328,805.35,232,896.60,26,86.60,586,1788.55,,,
22/08/2022,220,490.25,128,480.30,23,86.60,371,1057.15,,,
23/08/2022,259,607.95,122,432.75,32,79.00,413,1119.70,,,
24/08/2022,300,675.10,181,669.05,30,35.20,511,1379.35,,,
25/08/2022,265,575.41,166,600.45,23,0.00,454,1175.86,,,
26/08/2022,282,650.50,141,486.75,21,26.00,444,1163.25,,,
27/08/2022,309,724.00,216,761.70,20,34.00,545,1519.70,,,
28/08/2022,371,868.10,224,874.70,35,43.90,630,1786.70,,,
29/08/2022,243,555.90,148,564.70,25,69.30,416,1189.90,,,
30/08/2022,263,592.10,112,410.00,21,34.40,396,1036.50,,,
31/08/2022,211,466.55,142,532.45,13,18.30,366,1017.30,,,
01/09/2022,211,475.25,121,438.65,9,14.10,341,928.00,,,
02/09/2022,245,562.70,150,541.20,12,34.80,407,1138.70,,,
03/09/2022,325,758.80,192,693.65,24,68.40,541,1520.85,,,
04/09/2022,400,975.40,275,999.90,43,44.80,718,2020.10,,,
05/09/2022,222,511.40,126,431.70,9,8.90,357,952.00,,,
06/09/2022,257,602.60,165,629.75,28,131.10,450,1363.45,,,
07/09/2022,252,550.60,132,459.65,12,34.80,396,1045.05,,,
08/09/2022,277,628.35,125,488.35,20,80.60,422,1197.30,,,
09/09/2022,252,582.95,160,625.35,31,98.80,443,1307.10,,,
10/09/2022,300,730.85,215,853.20,23,87.80,538,1671.85,,,
11/09/2022,480,1126.30,249,978.45,28,31.90,757,2136.65,,,
12/09/2022,335,752.15,164,610.30,19,31.70,518,1394.15,,,
13/09/2022,358,813.56,161,528.40,44,86.60,563,1428.56,,,
14/09/2022,282,651.50,160,599.50,9,30.70,451,1281.70,,,
15/09/2022,239,532.35,127,447.90,16,53.80,382,1034.05,,,
16/09/2022,325,761.45,179,667.10,20,57.00,524,1485.55,,,
17/09/2022,433,963.75,235,870.80,36,80.00,704,1914.55,,,
18/09/2022,496,1174.00,307,1162.60,47,69.30,850,2405.90,,,
19/09/2022,306,698.90,195,772.05,20,59.30,521,1530.25,,,
20/09/2022,268,629.75,155,525.20,19,61.20,442,1216.15,,,
21/09/2022,241,546.90,101,349.75,17,25.50,359,922.15,,,
22/09/2022,289,644.36,159,541.40,28,23.00,476,1208.76,,,
23/09/2022,250,569.20,160,604.60,24,26.40,434,1200.20,,,
24/09/2022,498,1205.70,257,887.95,46,43.00,801,2136.65,,,
25/09/2022,441,1043.10,285,940.00,42,33.50,768,2016.60,,,
26/09/2022,362,813.70,205,714.05,21,53.70,588,1581.45,,,
27/09/2022,285,672.55,151,516.80,8,0.50,444,1189.85,,,
28/09/2022,291,653.40,174,628.05,31,69.40,496,1350.85,,,
29/09/2022,336,759.10,174,601.85,38,62.70,548,1423.65,,,
30/09/2022,329,751.51,201,766.05,23,46.40,553,1563.96,,,
01/10/2022,506,1170.60,296,1053.85,33,28.70,835,2253.15,,,
02/10/2022,452,1050.40,276,1008.70,56,142.20,784,2201.30,,,
03/10/2022,332,723.10,185,655.85,32,17.90,549,1396.85,,,
04/10/2022,321,722.80,189,714.80,21,74.90,531,1512.50,,,
05/10/2022,304,704.50,175,676.55,19,27.40,498,1408.45,,,
06/10/2022,349,772.10,152,540.60,38,57.50,539,1370.20,,,
07/10/2022,354,806.55,187,678.30,35,43.80,576,1528.65,,,
08/10/2022,585,1362.25,314,1142.30,51,52.00,950,2556.55,,,
09/10/2022,559,1324.85,328,1239.00,53,60.80,940,2624.65,,,
10/10/2022,421,904.90,197,688.00,51,44.30,669,1637.20,,,
11/10/2022,319,706.51,191,698.45,20,53.30,530,1458.26,,,
12/10/2022,509,1224.50,321,1222.85,41,136.20,871,2583.55,,,
13/10/2022,375,919.20,228,878.45,44,102.70,647,1900.35,,,
14/10/2022,389,911.60,244,923.20,36,43.80,669,1878.60,,,
15/10/2022,589,1375.05,307,1088.60,54,107.10,950,2570.75,,,
16/10/2022,550,1301.15,319,1060.80,65,43.90,934,2405.85,,,
17/10/2022,381,890.60,195,679.40,36,62.80,612,1632.80,,,
18/10/2022,314,747.81,150,489.90,29,36.40,493,1274.11,,,
19/10/2022,355,842.05,184,660.60,26,40.60,565,1543.25,,,
20/10/2022,358,799.40,214,819.35,48,83.90,620,1702.65,,,
21/10/2022,400,953.25,247,914.15,68,79.60,715,1947.00,,,
22/10/2022,655,1463.21,304,1090.80,57,55.70,1016,2609.71,,,
23/10/2022,447,1048.35,293,1065.00,31,30.70,771,2144.05,,,
24/10/2022,444,993.95,219,794.30,50,23.20,713,1811.45,,,
25/10/2022,424,946.25,213,755.80,16,32.50,653,1734.55,,,
26/10/2022,359,835.81,196,743.95,19,58.50,574,1638.26,,,
27/10/2022,272,598.15,141,470.00,22,23.00,435,1091.15,,,
28/10/2022,330,754.80,170,638.15,38,62.60,538,1455.55,,,
29/10/2022,555,1255.86,291,1030.45,41,35.70,887,2322.01,,,
30/10/2022,553,1270.40,363,1376.40,50,103.80,966,2750.60,,,
31/10/2022,512,1204.85,360,1322.25,40,110.80,912,2637.90,,,
01/11/2022,486,1112.15,283,1031.30,29,51.40,798,2194.85,,,
02/11/2022,267,609.50,159,587.20,47,87.70,473,1284.40,,,
03/11/2022,479,1055.55,214,687.95,52,44.60,745,1788.10,,,
04/11/2022,417,946.15,225,744.65,35,19.80,677,1710.60,,,
05/11/2022,569,1321.55,282,957.15,41,43.70,892,2322.40,,,
06/11/2022,473,1108.60,276,954.35,40,53.40,789,2116.35,,,
07/11/2022,298,658.30,179,622.70,32,73.20,509,1354.20,,,
08/11/2022,271,611.55,129,476.85,10,5.20,410,1093.60,,,
09/11/2022,367,842.05,208,775.70,18,14.10,593,1631.85,,,
10/11/2022,256,568.90,118,381.80,20,43.40,394,994.10,,,
11/11/2022,405,924.80,187,662.80,37,31.10,629,1618.70,,,
12/11/2022,600,1358.80,306,1109.15,58,56.30,964,2524.25,,,
13/11/2022,672,1631.31,341,1276.10,49,62.50,1062,2969.91,,,
14/11/2022,321,744.25,180,667.90,27,67.00,528,1479.15,,,
15/11/2022,262,570.00,130,412.85,34,35.70,426,1018.55,,,
16/11/2022,213,468.20,93,290.40,6,1.50,312,760.10,,,
17/11/2022,163,349.60,83,289.80,14,0.00,260,639.40,,,
19/11/2022,598,1348.10,314,1079.05,56,48.70,968,2475.85,,,
20/11/2022,550,1245.91,298,1072.50,32,44.30,880,2362.71,,,
21/11/2022,384,873.55,186,680.80,26,48.50,596,1602.85,,,
22/11/2022,346,733.65,149,491.45,17,57.40,512,1282.50,,,
23/11/2022,228,468.55,110,392.15,12,69.60,350,930.30,,,
24/11/2022,327,763.25,149,501.35,14,0.00,490,1264.60,,,
25/11/2022,323,733.95,164,584.60,18,13.70,505,1332.25,,,
26/11/2022,604,1349.40,332,1159.05,44,34.80,980,2543.25,,,
27/11/2022,461,1094.30,289,1041.60,27,55.10,777,2191.00,,,
28/11/2022,318,692.20,142,484.35,25,23.10,485,1199.65,,,
29/11/2022,234,522.25,99,329.30,16,14.10,349,865.65,,,
30/11/2022,256,569.40,110,324.90,14,5.20,380,899.50,,,
01/12/2022,264,599.40,140,506.10,23,0.50,427,1106.00,,,
02/12/2022,311,654.15,127,434.10,24,33.40,462,1121.65,,,
03/12/2022,515,1106.85,276,969.65,48,69.30,839,2145.80,,,
04/12/2022,539,1257.75,333,1158.65,41,68.90,913,2485.30,,,
05/12/2022,398,902.60,231,822.55,13,22.60,642,1747.75,,,
06/12/2022,408,931.45,184,682.00,19,14.70,611,1628.15,,,
07/12/2022,314,708.75,154,539.25,13,25.50,481,1273.50,,,
08/12/2022,451,1044.30,205,714.10,11,1.00,667,1759.40,,,
09/12/2022,363,841.40,225,778.95,15,27.80,603,1648.15,,,
10/12/2022,531,1235.30,262,929.80,46,25.50,839,2190.60,,,
11/12/2022,398,924.20,261,872.50,30,91.00,689,1887.70,,,
12/12/2022,260,583.35,131,467.45,19,47.10,410,1097.90,,,
13/12/2022,232,524.20,128,425.65,12,55.60,372,1005.45,,,
14/12/2022,306,673.31,129,416.80,14,50.00,449,1140.11,,,
15/12/2022,306,680.40,137,437.35,23,5.20,466,1122.95,,,
16/12/2022,357,810.30,166,596.75,15,35.30,538,1442.35,,,
17/12/2022,573,1359.90,274,996.10,49,44.40,896,2400.40,,,
18/12/2022,460,1088.90,220,804.10,30,41.50,710,1934.50,,,
19/12/2022,342,809.10,153,589.40,19,47.10,514,1445.60,,,
20/12/2022,324,785.85,142,497.70,21,81.60,487,1365.15,,,
21/12/2022,307,742.15,171,642.60,5,5.20,483,1389.95,,,
22/12/2022,263,618.00,145,541.60,12,17.00,420,1176.60,,,
23/12/2022,199,464.45,111,392.60,11,0.00,321,857.05,,,
24/12/2022,170,397.30,112,426.50,15,53.80,297,877.60,,,
25/12/2022,219,550.10,149,671.60,11,71.50,379,1293.20,,,
26/12/2022,398,998.10,231,912.80,25,57.40,654,1968.30,,,
27/12/2022,464,1131.65,250,993.40,23,53.80,737,2178.85,,,
28/12/2022,458,1173.60,284,1078.90,31,27.40,773,2279.90,,,
29/12/2022,500,1241.55,310,1201.60,42,134.40,852,2577.55,,,
30/12/2022,491,1183.40,297,1137.50,43,111.20,831,2432.10,,,
31/12/2022,315,766.25,207,800.90,17,25.50,539,1592.65,,,
01/01/2023,394,961.30,242,983.40,27,53.30,663,1998.00,,,
02/01/2023,401,1013.30,262,1040.90,16,55.70,679,2109.90,,,
03/01/2023,433,1041.30,240,932.90,22,67.00,695,2041.20,,,
04/01/2023,381,956.65,238,947.90,20,73.50,639,1978.05,,,
05/01/2023,303,726.05,160,596.90,17,9.40,480,1332.35,,,
06/01/2023,152,374.30,95,400.80,9,19.30,256,794.40,,,
07/01/2023,403,929.05,192,678.70,7,13.70,602,1621.45,,,
08/01/2023,419,1036.45,198,750.50,16,39.60,633,1826.55,,,
09/01/2023,224,527.05,147,578.30,7,20.80,378,1126.15,,,
10/01/2023,233,557.40,118,499.60,3,17.00,354,1074.00,,,
11/01/2023,250,573.20,110,432.60,8,13.70,368,1019.50,,,
12/01/2023,232,550.55,127,455.80,12,30.70,371,1037.05,,,
13/01/2023,295,718.85,158,563.70,13,34.40,466,1316.95,,,
14/01/2023,480,1158.95,222,813.50,24,22.20,726,1994.65,,,
15/01/2023,533,1313.00,245,896.60,23,98.60,801,2308.20,,,
16/01/2023,310,724.95,155,640.20,20,36.30,485,1401.45,,,
17/01/2023,298,684.55,117,451.00,7,31.10,422,1166.65,,,
18/01/2023,275,645.35,129,513.20,11,8.90,415,1167.45,,,
19/01/2023,304,727.10,114,410.90,15,8.50,433,1146.50,,,
20/01/2023,329,789.55,171,625.20,21,34.90,521,1449.65,,,
21/01/2023,528,1269.50,290,1069.70,23,60.30,841,2399.50,,,
22/01/2023,455,1101.25,260,997.90,28,59.40,743,2158.55,,,
23/01/2023,260,661.40,124,451.80,8,5.70,392,1118.90,,,
24/01/2023,300,713.65,112,396.90,5,9.50,417,1120.05,,,
25/01/2023,265,623.20,120,425.90,5,14.20,390,1063.30,,,
26/01/2023,295,686.25,138,546.20,13,0.00,446,1232.45,,,
27/01/2023,395,949.70,194,752.60,30,23.60,619,1725.90,,,
28/01/2023,570,1353.35,282,1106.40,28,36.30,880,2496.05,,,
29/01/2023,449,1057.55,260,998.50,20,48.10,729,2104.15,,,
30/01/2023,261,611.15,141,544.90,14,25.90,416,1181.95,,,
31/01/2023,229,515.70,87,303.80,7,0.50,323,820.00,,,
01/02/2023,223,541.10,118,431.10,7,24.50,348,996.70,,,
02/02/2023,247,581.10,146,507.60,56,69.30,449,1158.00,,,
03/02/2023,330,800.00,175,666.60,38,64.10,543,1530.70,,,
04/02/2023,497,1179.55,237,819.30,56,17.00,790,2015.85,,,
05/02/2023,427,1059.55,238,1016.30,34,76.40,699,2152.25,,,
06/02/2023,236,536.55,107,442.40,11,42.40,354,1021.35,,,
07/02/2023,250,596.55,95,328.80,3,13.70,348,939.05,,,
08/02/2023,278,672.80,113,408.20,7,17.00,398,1098.00,,,
09/02/2023,304,734.75,148,554.60,39,45.20,491,1334.55,,,
10/02/2023,368,906.75,203,777.20,36,43.40,607,1727.35,,,
11/02/2023,600,1429.11,308,1095.00,50,34.00,958,2558.11,,,
12/02/2023,525,1299.05,233,955.00,26,17.00,784,2271.05,,,
13/02/2023,252,604.10,126,470.20,10,27.80,388,1102.10,,,
14/02/2023,257,615.65,117,433.80,3,13.70,377,1063.15,,,
15/02/2023,255,608.75,148,619.30,11,39.60,414,1267.65,,,
16/02/2023,307,750.95,165,667.00,34,88.80,506,1506.75,,,
17/02/2023,302,730.85,175,647.90,30,56.60,507,1435.35,,,
18/02/2023,496,1189.25,293,1173.20,31,108.40,820,2470.85,,,
19/02/2023,474,1145.30,283,1112.30,42,53.10,799,2310.70,,,
20/02/2023,317,765.40,204,829.40,28,97.40,549,1692.20,,,
21/02/2023,330,763.50,150,610.30,10,22.20,490,1396.00,,,
22/02/2023,298,675.95,159,594.50,22,17.50,479,1287.95,,,
23/02/2023,367,887.85,145,536.90,35,10.40,547,1435.15,,,
24/02/2023,374,913.35,239,965.00,44,40.70,657,1919.05,,,
25/02/2023,514,1264.45,320,1209.70,48,42.30,882,2516.45,,,
26/02/2023,539,1301.40,268,1016.20,51,81.50,858,2399.10,,,
27/02/2023,399,947.95,221,855.90,27,41.10,647,1844.95,,,
28/02/2023,257,601.35,115,424.70,25,36.30,397,1062.35,,,
01/03/2023,255,616.50,168,647.50,8,41.90,431,1305.90,,,
02/03/2023,286,648.85,135,488.40,21,34.00,442,1171.25,,,
03/03/2023,355,852.65,197,753.30,39,43.70,591,1649.65,,,
04/03/2023,522,1254.95,277,1051.40,35,78.50,834,2384.85,,,
05/03/2023,520,1259.30,310,1206.00,44,150.80,874,2616.10,,,
06/03/2023,336,780.55,157,576.20,25,64.10,518,1420.85,,,
07/03/2023,274,657.80,133,529.90,21,62.60,428,1250.30,,,
08/03/2023,376,899.60,124,462.60,18,36.30,518,1398.50,,,
09/03/2023,299,713.25,173,698.90,23,25.50,495,1437.65,,,
10/03/2023,334,773.60,195,818.20,37,27.40,566,1619.20,,,
11/03/2023,552,1308.35,340,1395.30,57,44.50,949,2748.15,,,
12/03/2023,482,1159.70,299,1207.70,69,136.10,850,2503.50,,,
13/03/2023,282,707.65,173,720.40,15,17.00,470,1445.05,,,
14/03/2023,244,580.90,139,586.20,16,49.40,399,1216.50,,,
15/03/2023,261,615.85,154,637.90,16,66.00,431,1319.75,,,
16/03/2023,239,570.50,135,575.20,21,39.60,395,1185.30,,,
17/03/2023,378,892.40,196,812.10,30,0.00,604,1704.50,,,
18/03/2023,482,1228.50,280,1036.10,32,45.60,794,2310.20,,,
19/03/2023,465,1110.95,292,1182.20,45,57.20,802,2350.35,,,
20/03/2023,315,741.05,194,753.10,17,57.60,526,1551.75,,,
21/03/2023,300,751.85,147,569.90,29,87.10,476,1408.85,,,
22/03/2023,327,794.30,171,698.90,17,75.40,515,1568.60,,,
23/03/2023,296,699.35,164,635.10,41,82.50,501,1416.95,,,
24/03/2023,349,852.35,191,761.40,43,17.40,583,1631.15,,,
25/03/2023,512,1232.25,345,1382.80,34,17.40,891,2632.45,,,
26/03/2023,506,1254.95,295,1160.10,42,60.80,843,2475.85,,,
27/03/2023,294,692.05,187,799.20,21,79.60,502,1570.85,,,
28/03/2023,301,706.60,150,607.30,11,40.10,462,1354.00,,,
29/03/2023,257,616.35,158,636.40,17,85.20,432,1337.95,,,
30/03/2023,288,706.80,159,628.70,33,13.70,480,1349.20,,,
31/03/2023,284,720.65,186,749.60,27,27.30,497,1497.55,,,
01/04/2023,352,856.35,224,874.20,14,51.80,590,1782.35,,,
02/04/2023,456,1094.70,364,1479.20,42,86.30,862,2660.20,,,
03/04/2023,388,929.65,255,1069.10,35,84.00,678,2082.75,,,
04/04/2023,354,866.40,206,823.60,36,92.50,596,1782.50,,,
05/04/2023,250,627.60,176,667.40,19,62.10,445,1357.10,,,
06/04/2023,349,826.75,241,959.80,32,39.60,622,1826.15,,,
07/04/2023,467,1114.35,306,1254.00,39,108.00,812,2476.35,,,
08/04/2023,367,881.85,245,961.30,34,29.00,646,1872.15,,,
09/04/2023,366,889.25,243,996.30,33,57.00,642,1942.55,,,
10/04/2023,255,624.10,189,732.60,20,31.10,464,1387.80,,,
11/04/2023,185,443.55,131,518.80,22,42.50,338,1004.85,,,
12/04/2023,322,791.20,183,735.00,31,39.20,536,1565.40,,,
13/04/2023,299,735.20,150,535.90,16,40.00,465,1311.10,,,
14/04/2023,343,853.40,226,905.70,36,107.00,605,1866.10,,,
15/04/2023,411,979.50,269,1087.00,35,84.00,715,2150.50,,,
16/04/2023,427,1044.30,267,1042.30,59,101.10,753,2187.70,,,
17/04/2023,305,731.30,206,864.00,31,78.20,542,1673.50,,,
18/04/2023,297,711.65,168,662.90,25,17.40,490,1391.95,,,
19/04/2023,310,770.35,163,625.20,21,61.50,494,1457.05,,,
20/04/2023,274,646.25,184,726.90,31,95.60,489,1468.75,,,
21/04/2023,280,689.45,193,789.70,24,82.50,497,1561.65,,,
22/04/2023,475,1106.30,307,1233.70,40,96.30,822,2436.30,,,
23/04/2023,475,1140.65,276,1111.80,44,133.00,795,2385.45,,,
24/04/2023,326,778.20,219,968.50,27,101.00,572,1847.70,,,
25/04/2023,313,776.40,157,612.10,17,50.00,487,1438.50,,,
26/04/2023,273,666.40,177,752.20,21,125.80,471,1544.40,,,
27/04/2023,281,671.70,114,411.80,20,79.30,415,1162.80,,,
28/04/2023,291,716.75,208,784.90,22,30.70,521,1532.35,,,
29/04/2023,418,1005.00,292,1105.10,40,87.10,750,2197.20,,,
30/04/2023,522,1263.50,350,1511.00,68,155.40,940,2929.90,,,
01/05/2023,378,899.95,234,958.80,30,120.20,642,1978.95,,,
02/05/2023,302,763.45,210,862.40,25,93.90,537,1719.75,,,
03/05/2023,248,589.80,150,628.10,15,17.00,413,1234.90,,,
04/05/2023,285,673.10,160,635.40,36,91.90,481,1400.40,,,
05/05/2023,328,793.40,203,806.50,31,92.00,562,1691.90,,,
06/05/2023,467,1076.85,261,942.50,45,70.40,773,2089.75,,,
07/05/2023,343,841.80,288,1164.40,23,85.80,654,2092.00,,,
08/05/2023,275,655.50,176,690.10,20,62.20,471,1407.80,,,
09/05/2023,285,670.50,168,668.00,16,42.90,469,1381.40,,,
10/05/2023,274,652.25,138,553.70,21,17.80,433,1223.75,,,
11/05/2023,276,640.95,163,699.80,29,57.40,468,1398.15,,,
12/05/2023,336,801.45,179,672.50,25,31.50,540,1505.45,,,
13/05/2023,299,780.70,273,1060.30,137,264.35,709,2105.35,,,
14/05/2023,179,522.80,289,1158.70,297,617.90,765,2299.40,,,
15/05/2023,124,352.90,238,1025.90,235,520.75,597,1899.55,,,
16/05/2023,78,217.20,159,617.40,235,505.95,472,1340.55,,,
17/05/2023,101,281.00,144,577.60,207,438.40,452,1297.00,,,
18/05/2023,84,240.00,185,721.80,236,540.25,505,1502.05,,,
19/05/2023,119,340.40,195,800.70,240,518.60,554,1659.70,,,
20/05/2023,161,441.60,297,1261.10,374,783.65,832,2486.35,,,
21/05/2023,185,525.90,271,1073.70,289,642.70,745,2242.30,,,
22/05/2023,107,286.90,182,730.40,234,522.20,523,1539.50,,,
23/05/2023,113,305.60,169,719.20,211,507.80,493,1532.60,,,
24/05/2023,92,261.80,158,615.90,195,449.30,445,1327.00,,,
25/05/2023,122,356.90,177,714.50,197,380.80,496,1452.20,,,
26/05/2023,106,331.40,185,727.90,237,534.00,528,1593.30,,,
27/05/2023,159,463.20,226,914.80,278,626.50,663,2004.50,,,
28/05/2023,191,551.50,365,1542.20,401,833.90,957,2927.60,,,
29/05/2023,118,347.00,218,884.40,230,482.95,566,1714.35,,,
30/05/2023,87,253.60,165,698.20,186,430.10,438,1381.90,,,
31/05/2023,106,308.00,204,823.20,237,528.35,547,1659.55,,,
01/06/2023,138,385.80,195,684.10,257,546.05,590,1615.95,,,
02/06/2023,169,486.70,266,1012.40,315,620.85,750,2119.95,,,
03/06/2023,185,508.10,268,1077.90,375,767.45,828,2353.45,,,
04/06/2023,166,492.70,303,1256.20,276,575.25,745,2324.15,,,
05/06/2023,83,244.30,160,670.90,192,411.20,435,1326.40,,,
06/06/2023,77,228.40,155,620.40,177,373.65,409,1222.45,,,
07/06/2023,116,324.50,184,761.20,266,587.85,566,1673.55,,,
08/06/2023,106,312.20,173,692.50,209,467.60,488,1472.30,,,
09/06/2023,120,339.30,204,786.10,229,505.30,553,1630.70,,,
10/06/2023,198,573.70,288,1185.10,321,683.05,807,2441.85,,,
11/06/2023,179,487.00,323,1319.30,241,528.30,743,2334.60,,,
12/06/2023,95,272.50,151,639.20,166,362.90,412,1274.60,,,
13/06/2023,77,212.40,148,573.50,225,474.20,450,1260.10,,,
14/06/2023,81,229.50,155,648.00,170,415.90,406,1293.40,,,
15/06/2023,92,257.40,159,681.60,215,444.25,466,1383.25,,,
16/06/2023,119,334.40,193,822.40,232,492.85,544,1649.65,,,
17/06/2023,171,478.10,259,1018.50,261,572.70,691,2069.30,,,
18/06/2023,156,465.10,279,1216.50,249,566.05,684,2247.65,,,
19/06/2023,88,245.50,171,726.30,180,394.30,439,1366.10,,,
20/06/2023,99,290.80,131,518.10,190,387.25,420,1196.15,,,
21/06/2023,90,247.70,144,553.50,189,418.65,423,1219.85,,,
22/06/2023,91,254.70,146,591.50,158,343.80,395,1190.00,,,
23/06/2023,73,220.30,143,544.10,124,282.20,340,1046.60,,,
24/06/2023,126,344.20,256,1084.40,180,408.25,562,1836.85,,,
25/06/2023,129,376.50,202,822.90,154,342.55,485,1541.95,,,
26/06/2023,95,275.00,160,666.20,155,358.45,410,1299.65,,,
27/06/2023,92,296.80,149,606.70,146,298.70,387,1202.20,,,
28/06/2023,77,243.30,156,617.10,140,296.00,373,1156.40,,,
29/06/2023,94,280.00,140,590.20,117,257.75,351,1127.95,,,
30/06/2023,88,243.95,157,686.10,175,363.25,420,1293.30,,,
01/07/2023,172,506.90,259,927.40,1083,3778.35,1514,5212.65,,,
02/07/2023,100,285.60,212,853.30,177,386.80,489,1525.70,,,
03/07/2023,98,272.50,128,539.70,131,268.50,357,1080.70,,,
04/07/2023,99,273.60,172,777.00,144,308.75,415,1359.35,,,
05/07/2023,82,225.00,126,542.40,151,304.80,359,1072.20,,,
06/07/2023,121,334.85,163,652.70,132,356.10,416,1343.65,,,
07/07/2023,155,433.10,203,847.00,187,385.90,545,1666.00,,,
08/07/2023,138,394.90,250,1091.40,184,426.25,572,1912.55,,,
09/07/2023,150,437.10,220,923.40,165,382.70,535,1743.20,,,
10/07/2023,106,309.70,193,816.00,173,402.00,472,1527.70,,,
11/07/2023,85,253.90,142,597.40,139,306.60,366,1157.90,,,
12/07/2023,105,299.60,187,759.30,222,470.70,514,1529.60,,,
13/07/2023,126,343.70,147,598.50,160,336.30,433,1278.50,,,
14/07/2023,95,269.60,157,652.50,134,314.65,386,1236.75,,,
15/07/2023,124,355.10,238,997.70,223,450.75,585,1803.55,,,
16/07/2023,123,360.20,222,945.70,163,365.45,508,1671.35,,,
17/07/2023,92,260.80,144,601.90,124,258.50,360,1121.20,,,
18/07/2023,122,371.80,128,560.40,138,270.75,388,1202.95,,,
19/07/2023,90,250.00,129,514.90,119,264.20,338,1029.10,,,
20/07/2023,94,262.10,129,498.60,115,264.90,338,1025.60,,,
21/07/2023,90,242.60,128,489.80,115,252.00,333,984.40,,,
22/07/2023,87,236.90,168,709.00,162,345.60,417,1291.50,,,
23/07/2023,132,364.40,181,721.50,153,379.20,466,1465.10,,,
24/07/2023,54,149.50,122,515.70,109,240.10,285,905.30,,,
25/07/2023,58,163.20,131,539.50,116,277.30,305,980.00,,,
26/07/2023,80,224.40,118,456.20,126,295.00,324,975.60,,,
27/07/2023,46,142.30,120,473.10,88,200.70,254,816.10,,,
28/07/2023,65,190.40,113,445.00,100,242.80,278,878.20,,,
29/07/2023,94,260.00,130,518.70,150,348.50,374,1127.20,,,
30/07/2023,81,228.70,139,579.20,119,261.45,339,1069.35,,,
31/07/2023,62,186.70,133,578.30,106,262.80,301,1027.80,,,
01/08/2023,68,194.30,114,487.60,114,281.35,296,963.25,,,
02/08/2023,71,193.60,138,546.60,119,287.50,328,1027.70,,,
03/08/2023,72,200.10,118,464.50,138,309.15,328,973.75,,,
04/08/2023,60,171.80,127,468.70,126,266.60,313,907.10,,,
05/08/2023,103,309.30,196,779.50,160,341.90,459,1430.70,,,
06/08/2023,102,279.60,173,658.90,195,450.55,470,1389.05,,,
07/08/2023,75,218.75,134,601.70,128,354.20,337,1174.65,,,
08/08/2023,83,239.50,164,684.20,138,305.90,385,1229.60,,,
09/08/2023,70,202.10,145,602.40,114,297.95,329,1102.45,,,
10/08/2023,64,178.80,122,488.30,111,237.75,297,904.85,,,
11/08/2023,46,126.80,118,473.70,119,267.00,283,867.50,,,
12/08/2023,98,293.00,172,658.20,157,362.25,427,1313.45,,,
13/08/2023,106,301.90,203,825.10,144,376.00,453,1503.00,,,
14/08/2023,83,259.80,146,547.00,143,329.70,372,1136.50,,,
15/08/2023,94,286.50,158,649.40,138,342.30,390,1278.20,,,
16/08/2023,79,219.20,151,634.20,125,312.85,355,1166.25,,,
17/08/2023,62,174.10,144,596.50,121,304.15,327,1074.75,,,
18/08/2023,192,546.70,340,1420.90,309,722.70,841,2690.30,,,
20/08/2023,104,302.70,182,743.80,162,360.90,448,1407.40,,,
21/08/2023,74,217.00,144,579.50,104,231.15,322,1027.65,,,
22/08/2023,79,227.90,148,592.50,143,331.45,370,1151.85,,,
23/08/2023,76,220.60,151,617.00,138,293.40,365,1131.00,,,
24/08/2023,92,268.70,184,759.10,164,334.75,440,1362.55,,,
25/08/2023,82,224.40,139,529.70,126,282.70,347,1036.80,,,
26/08/2023,117,355.70,230,908.90,185,449.90,532,1714.50,,,
27/08/2023,106,308.80,229,954.70,239,520.90,574,1784.40,,,
28/08/2023,86,256.90,168,668.90,172,373.00,426,1298.80,,,
29/08/2023,63,184.40,159,642.70,139,335.50,361,1162.60,,,
30/08/2023,85,230.80,161,665.30,157,375.75,403,1271.85,,,
31/08/2023,83,233.40,176,680.00,154,336.95,413,1250.35,,,
01/09/2023,76,211.20,161,602.60,160,389.55,397,1203.35,,,
02/09/2023,114,341.70,180,732.00,278,563.05,572,1636.75,,,
03/09/2023,112,366.50,186,765.50,196,421.40,494,1553.40,,,
04/09/2023,127,353.40,194,821.20,192,425.10,513,1599.70,,,
05/09/2023,73,215.80,142,555.70,170,394.00,385,1165.50,,,
06/09/2023,52,177.20,151,594.50,173,379.95,376,1151.65,,,
07/09/2023,94,259.50,170,717.90,142,289.25,406,1266.65,,,
08/09/2023,108,291.10,180,686.80,227,468.95,515,1446.85,,,
09/09/2023,130,375.10,234,955.10,227,501.10,591,1831.30,,,
10/09/2023,148,430.30,268,1067.90,206,459.10,622,1957.30,,,
11/09/2023,103,290.40,214,829.50,221,481.85,538,1601.75,,,
12/09/2023,91,260.70,173,720.00,192,414.15,456,1394.85,,,
13/09/2023,86,235.00,181,724.10,194,444.30,461,1403.40,,,
14/09/2023,111,310.40,159,654.10,195,400.85,465,1365.35,,,
15/09/2023,93,260.50,175,708.60,214,441.55,482,1410.65,,,
16/09/2023,126,358.60,265,1090.90,266,568.90,657,2018.40,,,
17/09/2023,140,415.90,317,1333.00,270,591.05,727,2339.95,,,
18/09/2023,69,193.20,174,735.10,232,503.05,475,1431.35,,,
19/09/2023,88,250.00,160,625.10,241,451.80,489,1326.90,,,
20/09/2023,85,247.20,178,742.90,211,451.80,474,1441.90,,,
21/09/2023,133,378.80,197,850.85,252,639.90,582,1869.55,,,
22/09/2023,121,341.90,206,827.10,240,506.85,567,1675.85,,,
23/09/2023,130,383.50,251,1081.60,275,623.35,656,2088.45,,,
24/09/2023,145,413.60,319,1345.40,370,801.45,834,2560.45,,,
25/09/2023,140,387.90,247,1039.50,276,594.75,663,2022.15,,,
26/09/2023,90,248.10,180,737.00,193,432.55,463,1417.65,,,
27/09/2023,90,241.00,195,766.00,231,499.15,516,1506.15,,,
28/09/2023,111,319.70,200,764.20,238,531.10,549,1615.00,,,
29/09/2023,100,280.00,221,896.60,231,503.45,552,1680.05,,,
30/09/2023,149,422.40,274,1132.90,289,645.80,712,2201.10,,,
01/10/2023,148,418.95,256,1081.00,318,752.70,722,2252.65,,,
02/10/2023,95,261.60,190,765.00,235,493.90,520,1520.50,,,
03/10/2023,84,234.20,158,665.80,212,506.35,454,1406.35,,,
04/10/2023,98,268.80,157,635.20,228,518.75,483,1422.75,,,
05/10/2023,104,275.20,172,739.70,217,444.35,493,1459.25,,,
06/10/2023,148,397.50,236,927.70,341,683.05,725,2008.25,,,
07/10/2023,153,422.30,298,1193.80,378,778.75,829,2394.85,,,
08/10/2023,214,605.20,381,1758.40,427,849.00,1022,3212.60,,,
09/10/2023,128,371.70,248,1090.70,236,538.75,612,2001.15,,,
10/10/2023,115,321.90,186,787.10,282,604.85,583,1713.85,,,
11/10/2023,108,297.70,194,813.00,258,568.55,560,1679.25,,,
12/10/2023,279,761.20,401,1384.10,605,1156.65,1285,3301.95,,,
13/10/2023,151,427.40,296,1211.30,302,615.85,749,2254.55,,,
14/10/2023,213,613.90,336,1366.50,386,767.75,935,2748.15,,,
15/10/2023,153,437.30,359,1476.30,405,777.30,917,2690.90,,,
16/10/2023,73,211.00,144,636.10,209,416.25,426,1263.35,,,
17/10/2023,102,301.20,141,572.40,226,463.40,469,1337.00,,,
18/10/2023,109,319.30,165,674.40,226,481.65,500,1475.35,,,
19/10/2023,88,253.80,167,648.60,209,454.40,464,1356.80,,,
20/10/2023,135,381.10,234,985.30,286,547.75,655,1914.15,,,
21/10/2023,156,442.30,298,1260.40,376,790.00,830,2492.70,,,
22/10/2023,149,415.40,283,1181.50,354,750.45,786,2347.35,,,
23/10/2023,101,289.60,200,765.80,257,615.00,558,1670.40,,,
24/10/2023,96,269.30,178,696.20,233,549.50,507,1515.00,,,
25/10/2023,93,278.10,151,599.40,256,550.35,500,1427.85,,,
26/10/2023,129,367.00,206,772.00,241,502.95,576,1641.95,,,
27/10/2023,131,374.90,217,860.30,291,603.65,639,1838.85,,,
28/10/2023,166,488.90,306,1264.30,386,763.35,858,2516.55,,,
29/10/2023,184,523.90,344,1360.50,383,826.10,911,2710.50,,,
30/10/2023,120,328.30,190,845.70,228,493.40,538,1667.40,,,
31/10/2023,119,348.50,215,945.30,226,497.55,560,1791.35,,,
01/11/2023,108,300.60,212,838.10,233,548.20,553,1686.90,,,
02/11/2023,113,316.30,175,679.50,184,417.75,472,1413.55,,,
03/11/2023,125,364.50,235,953.40,234,501.70,594,1819.60,,,
04/11/2023,172,509.10,252,989.10,307,631.90,731,2130.10,,,
05/11/2023,155,467.80,351,1471.90,378,795.50,884,2735.20,,,
06/11/2023,91,264.00,180,706.90,214,468.50,485,1439.40,,,
07/11/2023,126,340.20,196,841.20,255,601.30,577,1782.70,,,
08/11/2023,88,245.80,167,675.30,189,439.20,444,1360.30,,,
09/11/2023,130,370.80,253,992.50,272,596.75,655,1960.05,,,
10/11/2023,102,288.70,191,718.00,260,572.65,553,1579.35,,,
11/11/2023,165,473.80,311,1270.90,327,652.90,803,2397.60,,,
12/11/2023,154,449.30,248,933.60,296,618.30,698,2001.20,,,
13/11/2023,64,182.50,157,620.90,215,430.45,436,1233.85,,,
14/11/2023,80,218.50,161,619.20,206,446.55,447,1284.25,,,
15/11/2023,74,194.80,157,589.80,210,474.00,441,1258.60,,,
16/11/2023,105,305.40,190,718.10,260,577.00,555,1600.50,,,
17/11/2023,146,433.50,240,932.20,271,560.55,657,1926.25,,,
18/11/2023,178,546.30,303,1353.30,408,868.40,889,2768.00,,,
19/11/2023,170,530.20,299,1326.30,344,698.15,813,2554.65,,,
20/11/2023,91,283.60,180,778.40,273,514.95,544,1576.95,,,
21/11/2023,77,222.80,132,539.60,235,483.40,444,1245.80,,,
22/11/2023,88,262.00,148,595.00,207,449.65,443,1306.65,,,
23/11/2023,108,297.50,161,693.20,239,489.05,508,1479.75,,,
24/11/2023,108,357.50,176,687.90,246,504.05,530,1549.45,,,
25/11/2023,131,399.70,269,1062.90,410,816.75,810,2279.35,,,
26/11/2023,159,515.90,296,1264.20,319,693.30,774,2473.40,,,
27/11/2023,93,282.80,166,707.80,250,557.00,509,1547.60,,,
28/11/2023,77,238.40,149,559.50,240,485.20,466,1283.10,,,
29/11/2023,97,301.20,158,625.00,172,389.70,427,1315.90,,,
30/11/2023,89,267.70,125,468.60,189,393.10,403,1129.40,,,
01/12/2023,128,375.80,228,986.40,295,596.65,651,1958.85,,,
02/12/2023,156,462.90,292,1305.60,371,775.60,819,2544.10,,,
03/12/2023,167,553.70,268,1103.40,370,769.80,805,2426.90,,,
04/12/2023,105,330.80,154,648.50,265,630.65,524,1609.95,,,
05/12/2023,73,232.20,127,517.10,235,490.65,435,1239.95,,,
06/12/2023,112,320.40,192,743.10,252,522.20,556,1585.70,,,
07/12/2023,141,427.80,262,1041.20,308,680.40,711,2149.40,,,
08/12/2023,259,774.70,396,1682.70,407,880.60,1062,3338.00,,,
09/12/2023,175,530.80,326,1306.80,387,834.20,888,2671.80,,,
10/12/2023,145,449.10,243,978.80,264,559.65,652,1987.55,,,
11/12/2023,48,152.70,104,421.50,179,371.30,331,945.50,,,
12/12/2023,68,197.70,108,424.10,205,433.70,381,1055.50,,,
13/12/2023,69,215.60,135,602.80,214,456.25,418,1274.65,,,
14/12/2023,84,222.90,127,519.00,233,475.10,444,1217.00,,,
15/12/2023,120,358.80,168,706.50,280,568.15,568,1633.45,,,
16/12/2023,168,504.80,246,893.10,348,712.90,762,2110.80,,,
17/12/2023,136,405.70,244,899.70,325,699.80,705,2005.20,,,
18/12/2023,109,331.10,158,642.40,210,451.85,477,1425.35,,,
19/12/2023,69,199.60,116,444.80,220,451.15,405,1095.55,,,
20/12/2023,76,241.40,127,539.30,182,357.55,385,1138.25,,,
21/12/2023,80,248.10,106,449.30,147,344.35,333,1041.75,,,
22/12/2023,85,250.60,128,520.40,149,338.65,362,1109.65,,,
23/12/2023,99,298.90,181,688.60,198,436.75,478,1424.25,,,
24/12/2023,53,165.90,96,393.70,100,253.50,249,813.10,,,
25/12/2023,68,234.30,113,532.20,119,294.15,300,1060.65,,,
26/12/2023,130,397.50,204,861.00,253,546.25,587,1804.75,,,
27/12/2023,134,398.40,222,1001.40,276,638.35,632,2038.15,,,
28/12/2023,129,401.80,241,991.90,291,666.15,661,2059.85,,,
29/12/2023,152,471.30,244,1037.30,287,624.30,683,2132.90,,,
30/12/2023,134,417.90,256,1025.90,292,628.95,682,2072.75,,,
31/12/2023,101,301.00,170,690.50,191,462.40,462,1453.90,,,
01/01/2024,161,497.60,230,986.00,281,593.20,672,2076.80,,,
02/01/2024,118,356.70,189,806.10,241,540.30,548,1703.10,,,
03/01/2024,133,375.70,252,1140.40,258,605.30,643,2121.40,,,
04/01/2024,147,446.30,234,980.00,247,576.25,628,2002.55,,,
05/01/2024,93,275.30,166,727.90,183,406.95,442,1410.15,,,
06/01/2024,70,204.30,129,570.80,177,409.80,376,1184.90,,,
07/01/2024,74,221.10,148,640.70,218,448.55,440,1310.35,,,
08/01/2024,57,166.70,110,492.70,156,344.45,323,1003.85,,,
09/01/2024,73,210.30,101,449.40,181,413.75,355,1073.45,,,
10/01/2024,54,162.10,93,381.20,176,361.10,323,904.40,,,
11/01/2024,77,226.00,109,429.00,173,356.45,359,1011.45,,,
12/01/2024,88,256.40,178,726.70,260,529.65,526,1512.75,,,
13/01/2024,117,355.90,217,879.30,319,653.95,653,1889.15,,,
14/01/2024,143,445.20,216,918.20,249,523.25,608,1886.65,,,
15/01/2024,69,205.50,107,421.10,173,364.15,349,990.75,,,
16/01/2024,77,234.80,109,447.80,214,488.21,400,1170.81,,,
18/01/2024,72,210.80,156,702.50,196,431.00,424,1344.30,,,
19/01/2024,108,321.90,173,787.00,211,466.45,492,1575.35,,,
20/01/2024,176,532.30,261,1003.70,377,810.80,814,2346.80,,,
21/01/2024,126,364.80,284,1131.90,332,712.75,742,2209.45,,,
22/01/2024,91,248.20,139,540.90,215,464.75,445,1253.85,,,
23/01/2024,79,246.30,149,611.30,239,488.10,467,1345.70,,,
24/01/2024,57,166.90,118,482.10,184,379.70,359,1028.70,,,
25/01/2024,89,263.20,121,532.80,189,352.35,399,1148.35,,,
26/01/2024,111,340.40,198,838.60,269,550.80,578,1729.80,,,
27/01/2024,150,429.20,286,1171.60,464,904.75,900,2505.55,,,
28/01/2024,137,415.70,296,1205.00,325,664.20,758,2284.90,,,
29/01/2024,82,270.50,174,713.40,250,532.30,506,1516.20,,,
30/01/2024,71,211.40,134,493.00,217,450.40,422,1154.80,,,
31/01/2024,97,297.00,153,616.90,234,552.80,484,1466.70,,,
01/02/2024,83,243.50,137,582.70,219,474.10,439,1300.30,,,
02/02/2024,98,329.60,184,750.80,293,553.65,575,1634.05,,,
03/02/2024,140,418.40,308,1285.30,449,857.35,897,2561.05,,,
04/02/2024,127,365.40,248,1063.10,302,631.55,677,2060.05,,,
05/02/2024,56,172.10,122,471.90,157,374.90,335,1018.90,,,
06/02/2024,58,158.80,114,476.80,166,353.00,338,988.60,,,
07/02/2024,69,207.00,141,534.00,235,525.70,445,1266.70,,,
08/02/2024,72,215.30,143,593.30,238,516.55,453,1325.15,,,
09/02/2024,117,352.40,211,886.10,275,552.55,603,1791.05,,,
10/02/2024,162,489.90,282,1087.50,401,799.25,845,2376.65,,,
11/02/2024,197,600.60,312,1312.00,309,649.30,818,2561.90,,,
12/02/2024,149,458.60,229,978.20,257,525.65,635,1962.45,,,
13/02/2024,121,366.00,198,795.60,276,635.10,595,1796.70,,,
14/02/2024,81,260.60,176,680.10,252,516.10,509,1456.80,,,
15/02/2024,78,248.50,165,625.70,211,455.50,454,1329.70,,,
16/02/2024,128,383.00,182,727.80,255,524.85,565,1635.65,,,
17/02/2024,110,335.70,289,1146.30,350,725.40,749,2207.40,,,
18/02/2024,190,594.40,321,1371.70,340,689.00,851,2655.10,,,
19/02/2024,82,244.00,170,694.20,208,456.65,460,1394.85,,,
20/02/2024,98,291.20,176,777.30,212,463.10,486,1531.60,,,
21/02/2024,90,293.40,140,608.70,189,442.15,419,1344.25,,,
22/02/2024,142,399.30,186,745.10,282,610.15,610,1754.55,,,
23/02/2024,110,338.20,200,819.30,316,639.10,626,1796.60,,,
24/02/2024,197,602.40,276,1205.00,398,818.00,871,2625.40,,,
25/02/2024,170,544.40,273,1113.60,376,766.35,819,2424.35,,,
26/02/2024,234,782.50,209,895.90,273,595.50,716,2273.90,,,
27/02/2024,75,239.70,126,466.20,201,428.45,402,1134.35,,,
28/02/2024,106,312.30,171,694.90,258,551.25,535,1558.45,,,
29/02/2024,117,353.70,163,724.00,241,504.75,521,1582.45,,,
01/03/2024,142,451.70,252,1117.00,333,697.60,727,2266.30,,,
02/03/2024,176,541.30,280,1102.00,369,788.20,825,2431.50,,,
03/03/2024,165,509.60,354,1556.80,442,928.40,961,2994.80,,,
04/03/2024,137,411.80,206,902.70,248,570.70,591,1885.20,,,
05/03/2024,100,306.70,179,732.30,276,579.15,555,1618.15,,,
06/03/2024,99,290.40,158,678.30,207,485.00,464,1453.70,,,
07/03/2024,116,370.70,196,853.80,273,598.25,585,1822.75,,,
08/03/2024,171,510.30,242,961.50,407,831.70,820,2303.50,,,
09/03/2024,169,533.00,314,1210.40,401,910.00,884,2653.40,,,
10/03/2024,207,629.50,308,1204.80,427,842.60,942,2676.90,,,
11/03/2024,91,262.70,184,779.70,255,527.15,530,1569.55,,,
12/03/2024,100,301.30,157,681.10,193,412.85,450,1395.25,,,
13/03/2024,95,260.80,161,689.20,229,565.70,485,1515.70,,,
14/03/2024,114,356.40,172,720.00,271,578.25,557,1654.65,,,
15/03/2024,110,346.00,190,798.90,292,565.65,592,1710.55,,,
16/03/2024,173,519.10,298,1275.10,373,773.50,844,2567.70,,,
17/03/2024,184,572.70,356,1531.00,378,789.25,918,2892.95,,,
18/03/2024,136,404.10,203,868.00,268,561.10,607,1833.20,,,
19/03/2024,95,292.00,127,538.50,152,299.65,374,1130.15,,,
20/03/2024,92,262.10,142,612.50,201,418.90,435,1293.50,,,
21/03/2024,92,250.80,138,542.20,201,431.45,431,1224.45,,,
22/03/2024,123,380.50,190,814.90,272,516.65,585,1712.05,,,
23/03/2024,148,456.80,228,984.30,265,556.55,641,1997.65,,,
24/03/2024,151,452.50,303,1273.40,345,687.80,799,2413.70,,,
25/03/2024,139,425.70,267,1121.40,291,592.40,697,2139.50,,,
26/03/2024,136,401.60,222,916.60,271,607.80,629,1926.00,,,
27/03/2024,121,341.60,215,918.50,214,476.60,550,1736.70,,,
28/03/2024,173,546.10,282,1153.40,300,673.05,755,2372.55,,,
29/03/2024,176,516.60,272,1089.90,340,696.95,788,2303.45,,,
30/03/2024,163,495.40,278,1189.50,294,668.30,735,2353.20,,,
31/03/2024,186,575.10,280,1248.00,336,713.45,802,2536.55,,,
01/04/2024,147,443.10,244,1000.40,303,685.60,694,2129.10,,,
02/04/2024,100,305.40,138,587.80,174,443.45,412,1336.65,,,
03/04/2024,84,237.00,152,666.40,169,420.40,405,1323.80,,,
04/04/2024,82,247.10,180,801.10,206,421.20,468,1469.40,,,
05/04/2024,98,294.90,206,855.60,242,529.10,546,1679.60,,,
06/04/2024,190,567.60,313,1314.90,399,765.70,902,2648.20,,,
07/04/2024,178,563.90,309,1269.30,362,719.80,849,2553.00,,,
08/04/2024,101,314.10,192,840.10,256,641.85,549,1796.05,,,
09/04/2024,77,222.10,158,648.90,250,551.25,485,1422.25,,,
10/04/2024,124,365.60,187,886.70,220,512.20,531,1764.50,,,
11/04/2024,129,395.60,172,722.80,246,587.00,547,1705.40,,,
12/04/2024,142,433.70,214,905.20,284,577.90,640,1916.80,,,
13/04/2024,144,431.60,243,1050.00,297,674.75,684,2156.35,,,
14/04/2024,188,577.00,249,1129.00,333,658.15,770,2364.15,,,
15/04/2024,122,357.20,178,815.00,249,593.20,549,1765.40,,,
16/04/2024,88,255.80,143,649.40,185,389.85,416,1295.05,,,
17/04/2024,62,184.20,165,682.80,246,543.15,473,1410.15,,,
18/04/2024,111,327.70,184,803.10,247,573.55,542,1704.35,,,
19/04/2024,111,344.90,224,977.00,266,578.20,601,1900.10,,,
20/04/2024,155,454.80,296,1265.80,367,818.65,818,2539.25,,,
21/04/2024,172,544.40,311,1402.50,320,674.85,803,2621.75,,,
22/04/2024,107,326.20,206,897.00,249,572.30,562,1795.50,,,
23/04/2024,95,293.30,178,716.30,291,618.70,564,1628.30,,,
24/04/2024,58,155.80,141,590.30,168,399.25,367,1145.35,,,
25/04/2024,99,278.00,171,712.40,249,524.20,519,1514.60,,,
26/04/2024,158,475.30,246,1074.00,301,681.85,705,2231.15,,,
27/04/2024,165,503.00,271,1012.80,351,734.90,787,2250.70,,,
28/04/2024,169,519.10,316,1405.60,377,748.30,862,2673.00,,,
29/04/2024,111,339.30,260,1158.20,295,640.30,666,2137.80,,,
30/04/2024,76,237.60,172,804.20,168,417.35,416,1459.15,,,
01/05/2024,123,372.50,234,991.10,276,668.85,633,2032.45,,,
02/05/2024,147,457.00,276,1215.10,330,747.60,753,2419.70,,,
03/05/2024,145,438.40,263,1196.00,257,571.00,665,2205.40,,,
04/05/2024,159,478.80,250,1156.80,321,718.40,730,2354.00,,,
05/05/2024,158,477.80,305,1299.00,371,831.80,834,2608.60,,,
06/05/2024,115,345.70,212,929.20,227,579.75,554,1854.65,,,
07/05/2024,101,307.70,158,660.90,218,525.10,477,1493.70,,,
08/05/2024,98,294.40,179,769.40,241,524.65,518,1588.45,,,
09/05/2024,111,337.80,200,836.30,283,631.70,594,1805.80,,,
10/05/2024,159,493.60,238,981.40,300,619.60,697,2094.60,,,
11/05/2024,125,349.10,264,1088.30,355,698.85,744,2136.25,,,
12/05/2024,180,549.10,295,1352.20,301,672.70,776,2574.00,,,
13/05/2024,112,337.50,188,846.20,259,618.95,559,1802.65,,,
14/05/2024,75,225.70,174,749.20,247,518.20,496,1493.10,,,
15/05/2024,115,361.80,233,941.40,312,638.55,660,1941.75,,,
16/05/2024,104,311.70,185,775.00,239,610.55,528,1697.25,,,
17/05/2024,114,362.60,213,865.80,240,483.35,567,1711.75,,,
18/05/2024,150,455.10,289,1177.40,398,789.55,837,2422.05,,,
19/05/2024,186,566.00,314,1309.10,342,711.05,842,2586.15,,,
20/05/2024,102,303.30,228,954.60,287,574.10,617,1832.00,,,
24/05/2024,158,518.40,185,771.60,194,409.25,537,1699.25,,,
25/05/2024,195,591.20,277,1199.60,335,703.75,807,2494.55,,,
26/05/2024,181,542.60,258,1104.00,299,716.80,738,2363.40,,,
27/05/2024,114,336.80,191,837.30,241,550.10,546,1724.20,,,
28/05/2024,125,362.10,176,827.80,185,453.05,486,1642.95,,,
29/05/2024,127,381.40,232,1032.20,223,431.95,582,1845.55,,,
30/05/2024,129,394.30,202,880.20,275,588.75,606,1863.25,,,
31/05/2024,177,566.80,274,1227.00,302,633.25,753,2427.05,,,
01/06/2024,170,523.20,289,1226.60,337,670.40,796,2420.20,,,
02/06/2024,161,471.90,280,1242.30,335,731.45,776,2445.65,,,
03/06/2024,93,278.60,168,748.70,190,438.75,451,1466.05,,,
04/06/2024,120,331.20,135,606.90,180,393.75,435,1331.85,,,
05/06/2024,80,221.20,118,479.40,199,451.00,397,1151.60,,,
06/06/2024,96,287.30,169,746.70,188,427.85,453,1461.85,,,
07/06/2024,139,408.90,232,1003.70,255,583.50,626,1996.10,,,
08/06/2024,191,593.30,313,1287.60,428,802.00,932,2682.90,,,
09/06/2024,167,493.20,321,1359.80,419,823.95,907,2676.95,,,
10/06/2024,87,265.00,205,921.20,231,562.00,523,1748.20,,,
11/06/2024,105,308.20,158,707.30,206,492.85,469,1508.35,,,
12/06/2024,85,241.20,137,588.30,166,404.15,388,1233.65,,,
13/06/2024,80,244.60,153,669.30,184,421.80,417,1335.70,,,
14/06/2024,110,312.90,161,669.40,228,465.35,499,1447.65,,,
15/06/2024,137,398.20,259,1105.80,261,636.00,657,2140.00,,,
16/06/2024,159,468.90,282,1284.40,267,594.80,708,2348.10,,,
17/06/2024,103,322.10,173,793.50,175,414.40,451,1530.00,,,
18/06/2024,119,362.50,201,915.70,244,550.90,564,1829.10,,,
19/06/2024,83,242.10,156,669.40,223,524.35,462,1435.85,,,
20/06/2024,115,332.60,183,760.50,291,576.65,589,1669.75,,,
21/06/2024,127,392.00,184,777.60,177,416.55,488,1586.15,,,
22/06/2024,152,449.60,242,1105.60,312,681.85,706,2237.05,,,
23/06/2024,157,487.70,279,1288.80,246,479.95,682,2256.45,,,
24/06/2024,84,250.50,159,734.70,173,399.55,416,1384.75,,,
25/06/2024,87,254.20,135,549.50,179,412.95,401,1216.65,,,
26/06/2024,114,352.70,142,657.30,195,496.65,451,1506.65,,,
27/06/2024,103,301.90,170,731.40,197,425.30,470,1458.60,,,
28/06/2024,110,324.90,185,764.50,212,468.55,507,1557.95,,,
29/06/2024,116,367.10,289,1166.40,371,755.55,776,2289.05,,,
30/06/2024,143,444.30,258,1181.00,263,503.45,664,2128.75,,,
01/07/2024,104,304.50,166,729.30,145,353.15,415,1386.95,,,
02/07/2024,102,316.70,149,638.90,190,360.95,441,1316.55,,,
03/07/2024,98,282.30,144,658.60,158,360.90,400,1301.80,,,
04/07/2024,100,296.80,182,827.90,177,412.75,459,1537.45,,,
05/07/2024,104,318.20,180,818.60,145,310.75,429,1447.55,,,
06/07/2024,170,573.80,291,1249.20,417,1140.45,878,2963.45,,,
07/07/2024,127,366.80,245,1062.40,253,534.45,625,1963.65,,,
08/07/2024,110,322.50,211,922.90,208,431.80,529,1677.20,,,
09/07/2024,65,191.40,119,497.90,128,273.25,312,962.55,,,
10/07/2024,66,188.90,137,602.80,163,338.35,366,1130.05,,,
11/07/2024,109,319.60,135,610.90,126,256.50,370,1187.00,,,
12/07/2024,82,248.70,158,736.80,157,354.60,397,1340.10,,,
13/07/2024,142,417.80,214,907.40,222,459.95,578,1785.15,,,
14/07/2024,139,411.98,183,810.80,190,450.98,512,1673.76,,,
15/07/2024,84,255.00,192,851.80,179,368.20,455,1475.00,,,
16/07/2024,83,254.50,150,623.80,166,364.05,399,1242.35,,,
17/07/2024,77,260.90,153,624.70,180,362.30,410,1247.90,,,
18/07/2024,81,241.20,133,540.20,171,324.50,385,1105.90,,,
19/07/2024,95,290.50,126,563.40,142,351.20,363,1205.10,,,
20/07/2024,154,440.60,223,994.60,189,409.60,566,1844.80,,,
21/07/2024,124,370.90,232,1018.90,234,524.45,590,1914.25,,,
22/07/2024,107,320.20,171,738.60,115,253.45,393,1312.25,,,
23/07/2024,86,255.20,131,554.00,152,282.25,369,1091.45,,,
24/07/2024,77,227.20,146,628.80,149,322.50,372,1178.50,,,
25/07/2024,85,252.30,124,556.10,136,267.55,345,1075.95,,,
26/07/2024,81,242.60,119,485.60,127,269.55,327,997.75,,,
27/07/2024,119,334.20,160,650.80,135,301.00,414,1286.00,,,
28/07/2024,102,281.40,181,812.70,186,404.90,469,1499.00,,,
29/07/2024,73,217.70,109,416.40,142,266.85,324,900.95,,,
30/07/2024,100,283.70,128,555.30,124,277.10,352,1116.10,,,
31/07/2024,71,207.70,98,410.60,77,185.35,246,803.65,,,
01/08/2024,109,312.20,134,600.00,102,217.05,345,1129.25,,,
02/08/2024,58,176.40,140,592.60,122,238.70,320,1007.70,,,
03/08/2024,146,425.50,194,770.80,167,369.10,507,1565.40,,,
04/08/2024,108,312.40,128,548.90,140,319.00,376,1180.30,,,
05/08/2024,82,256.40,167,742.20,133,334.40,382,1333.00,,,
06/08/2024,97,289.70,116,505.00,113,256.95,326,1051.65,,,
07/08/2024,66,186.80,119,528.00,137,295.15,322,1009.95,,,
08/08/2024,96,285.80,152,672.20,109,238.00,357,1196.00,,,
09/08/2024,85,233.40,136,590.50,116,280.00,337,1103.90,,,
10/08/2024,119,349.20,177,759.30,170,394.20,466,1502.70,,,
11/08/2024,111,324.00,174,760.90,148,312.05,433,1396.95,,,
12/08/2024,65,192.20,125,501.30,111,259.55,301,953.05,,,
13/08/2024,69,204.60,126,529.50,152,325.05,347,1059.15,,,
14/08/2024,59,171.20,133,565.40,134,307.70,326,1044.30,,,
15/08/2024,108,317.00,180,692.60,198,445.45,486,1455.05,,,
16/08/2024,80,239.40,147,591.20,158,333.65,385,1164.25,,,
17/08/2024,118,336.10,174,758.60,190,388.45,482,1483.15,,,
18/08/2024,139,428.10,199,884.80,184,438.80,522,1751.70,,,
19/08/2024,101,300.50,150,658.50,155,351.10,406,1310.10,,,
20/08/2024,124,374.50,196,890.40,196,475.70,516,1740.60,,,
21/08/2024,108,327.40,183,805.10,183,387.25,474,1519.75,,,
22/08/2024,103,301.60,159,623.70,185,401.95,447,1327.25,,,
23/08/2024,111,334.10,147,710.70,112,252.15,370,1296.95,,,
24/08/2024,211,611.80,254,1083.50,201,400.30,666,2095.60,,,
25/08/2024,174,503.00,244,1049.70,263,562.05,681,2114.75,,,
26/08/2024,115,337.30,199,894.90,179,424.35,493,1656.55,,,
27/08/2024,90,262.70,165,722.60,157,310.70,412,1296.00,,,
28/08/2024,147,421.10,193,852.80,194,392.85,534,1666.75,,,
29/08/2024,134,408.20,205,816.20,227,486.35,566,1710.75,,,
30/08/2024,148,440.20,242,1004.90,206,479.25,596,1924.35,,,
31/08/2024,111,346.90,200,874.50,219,435.90,530,1657.30,,,
01/09/2024,124,372.00,195,858.50,233,518.75,552,1749.25,,,
02/09/2024,62,187.70,108,463.90,126,271.65,296,923.25,,,
03/09/2024,71,203.90,154,636.60,162,392.20,387,1232.70,,,
04/09/2024,87,250.10,143,584.80,201,427.75,431,1262.65,,,
05/09/2024,107,315.20,156,624.90,197,412.00,460,1352.10,,,
06/09/2024,88,275.80,177,696.90,203,438.35,468,1411.05,,,
07/09/2024,109,327.90,190,769.40,214,452.75,513,1550.05,,,
08/09/2024,141,418.20,171,731.30,227,467.25,539,1616.75,,,
09/09/2024,86,253.60,168,755.20,180,393.95,434,1402.75,,,
10/09/2024,79,228.10,124,491.90,202,409.40,405,1129.40,,,
11/09/2024,86,247.10,142,573.90,177,410.50,405,1231.50,,,
12/09/2024,94,298.20,147,619.00,216,464.45,457,1381.65,,,
13/09/2024,114,360.80,183,821.90,205,443.65,502,1626.35,,,
14/09/2024,122,376.50,249,1048.10,303,633.15,674,2057.75,,,
15/09/2024,165,473.10,273,1203.90,329,750.70,767,2427.70,,,
16/09/2024,87,282.20,162,664.40,207,474.75,456,1421.35,,,
17/09/2024,73,215.00,155,682.10,207,407.75,435,1304.85,,,
18/09/2024,69,206.00,136,585.60,166,363.90,371,1155.50,,,
19/09/2024,96,291.30,165,689.80,230,485.90,491,1467.00,,,
20/09/2024,111,338.90,203,908.20,248,516.15,562,1763.25,,,
21/09/2024,149,452.60,240,1006.30,282,619.35,671,2078.25,,,
22/09/2024,146,431.90,318,1321.10,368,756.15,832,2509.15,,,
23/09/2024,174,503.10,335,1496.20,385,864.45,894,2863.75,,,
25/09/2024,71,214.60,153,664.30,193,412.20,417,1291.10,,,
26/09/2024,77,233.20,161,655.20,234,536.70,472,1425.10,,,
27/09/2024,137,407.30,190,741.80,261,532.90,588,1682.00,,,
28/09/2024,133,392.10,235,913.70,294,637.15,662,1942.95,,,
29/09/2024,154,453.00,207,853.00,320,638.00,681,1944.00,,,
30/09/2024,78,223.50,160,648.00,220,482.70,458,1354.20,,,
01/10/2024,68,205.60,124,537.50,192,439.85,384,1182.95,,,
02/10/2024,91,271.20,139,617.10,180,404.05,410,1292.35,,,
03/10/2024,99,289.30,172,767.60,195,446.15,466,1503.05,,,
04/10/2024,103,309.90,201,819.90,251,571.90,555,1701.70,,,
05/10/2024,151,452.30,267,1127.50,331,661.10,749,2240.90,,,
06/10/2024,129,396.50,287,1213.20,383,769.25,799,2378.95,,,
07/10/2024,110,346.80,191,767.50,311,654.20,612,1768.50,,,
08/10/2024,96,268.80,170,706.40,315,613.10,581,1588.30,,,
09/10/2024,74,230.40,149,600.40,254,591.00,477,1421.80,,,
10/10/2024,82,243.80,172,705.70,288,625.15,542,1574.65,,,
11/10/2024,76,224.70,146,568.20,218,495.20,440,1288.10,,,
12/10/2024,148,432.80,279,1104.70,395,866.80,822,2404.30,,,
13/10/2024,214,633.00,326,1396.10,428,817.50,968,2846.60,,,
14/10/2024,85,238.30,125,483.30,212,471.20,422,1192.80,,,
15/10/2024,102,315.00,145,601.20,235,517.25,482,1433.45,,,
16/10/2024,101,291.80,133,595.40,252,550.25,486,1437.45,,,
17/10/2024,84,256.00,146,630.10,226,549.05,456,1435.15,,,
18/10/2024,112,331.50,177,721.70,255,620.20,544,1673.40,,,
19/10/2024,156,467.90,282,1089.60,417,805.40,855,2362.90,,,
20/10/2024,164,480.40,314,1410.70,395,821.50,873,2712.60,,,
21/10/2024,110,319.30,184,820.50,201,424.50,495,1564.30,,,
22/10/2024,98,294.60,154,697.80,226,455.60,478,1448.00,,,
23/10/2024,117,346.10,175,787.80,212,454.90,504,1588.80,,,
24/10/2024,84,242.90,178,747.00,258,563.80,520,1553.70,,,
25/10/2024,126,366.30,221,973.80,324,729.55,671,2069.65,,,
26/10/2024,195,570.10,306,1261.00,501,977.15,1002,2808.25,,,
27/10/2024,191,621.30,359,1540.40,484,940.40,1034,3102.10,,,
28/10/2024,109,320.30,196,848.20,224,479.70,529,1648.20,,,
29/10/2024,126,392.80,249,1043.90,302,563.80,677,2000.50,,,
30/10/2024,122,345.50,178,778.50,247,561.40,547,1685.40,,,
31/10/2024,104,312.10,186,769.00,244,483.50,534,1564.60,,,
01/11/2024,159,485.30,261,1137.20,368,731.85,788,2354.35,,,
02/11/2024,168,511.20,327,1407.70,424,861.35,919,2780.25,,,
03/11/2024,124,367.80,277,1164.90,345,745.55,746,2278.25,,,
04/11/2024,95,284.50,176,702.80,260,508.25,531,1495.55,,,
05/11/2024,86,262.10,149,583.10,236,471.30,471,1316.50,,,
06/11/2024,86,269.10,147,571.40,253,484.45,486,1324.95,,,
07/11/2024,96,300.00,156,623.00,213,447.50,465,1370.50,,,
08/11/2024,114,325.20,169,671.20,240,481.55,523,1477.95,,,
09/11/2024,138,410.70,275,1126.00,385,707.30,798,2244.00,,,
10/11/2024,152,462.20,244,998.30,365,746.55,761,2207.05,,,
11/11/2024,112,332.00,160,669.60,234,535.35,506,1536.95,,,
12/11/2024,51,152.40,117,473.90,231,515.55,399,1141.85,,,
13/11/2024,89,270.00,118,495.00,213,481.20,420,1246.20,,,
14/11/2024,105,321.60,152,583.10,292,666.50,549,1571.20,,,
15/11/2024,109,349.40,183,745.60,255,532.05,547,1627.05,,,
16/11/2024,133,401.20,266,1081.30,427,829.70,826,2312.20,,,
17/11/2024,148,481.10,236,993.80,321,620.05,705,2094.95,,,
18/11/2024,70,215.50,145,585.20,197,382.10,412,1182.80,,,
19/11/2024,72,212.90,122,488.90,214,447.20,408,1149.00,,,
20/11/2024,96,302.10,137,561.40,225,459.40,458,1322.90,,,
21/11/2024,82,248.60,144,593.00,283,534.45,509,1376.05,,,
22/11/2024,88,273.10,135,510.10,233,475.45,456,1258.65,,,
23/11/2024,141,406.50,269,1065.00,394,795.15,804,2266.65,,,
24/11/2024,162,496.20,261,1121.20,374,756.35,797,2373.75,,,
25/11/2024,76,223.80,150,596.80,224,523.85,450,1344.45,,,
26/11/2024,88,286.90,141,499.70,265,535.45,494,1322.05,,,
27/11/2024,86,252.40,125,517.00,197,378.65,408,1148.05,,,
28/11/2024,66,191.10,129,511.60,216,473.00,411,1175.70,,,
29/11/2024,128,380.60,191,728.00,320,628.35,639,1736.95,,,
30/11/2024,153,451.40,223,946.90,318,631.25,694,2029.55,,,
01/12/2024,167,510.40,285,1154.40,339,688.60,791,2353.40,,,
02/12/2024,77,232.60,107,440.30,164,317.65,348,990.55,,,
03/12/2024,64,189.50,94,398.00,211,398.75,369,986.25,,,
04/12/2024,58,179.50,112,429.60,174,373.50,344,982.60,,,
05/12/2024,54,163.50,98,404.10,186,372.70,338,940.30,,,
06/12/2024,139,441.00,217,826.00,328,636.00,684,1903.00,,,
07/12/2024,159,460.10,262,1083.50,365,747.30,786,2290.90,,,
08/12/2024,148,471.60,277,1115.60,351,653.70,776,2240.90,,,
09/12/2024,79,239.20,147,552.50,228,511.55,454,1303.25,,,
10/12/2024,54,167.90,96,350.60,224,441.75,374,960.25,,,
11/12/2024,96,316.20,156,588.10,277,563.45,529,1467.75,,,
12/12/2024,92,267.40,127,489.40,240,467.30,459,1224.10,,,
13/12/2024,107,329.50,168,675.90,249,497.35,524,1502.75,,,
14/12/2024,132,390.60,223,850.80,348,700.85,703,1942.25,,,
15/12/2024,96,282.50,217,815.50,275,525.50,588,1623.50,,,
16/12/2024,103,304.90,150,586.00,264,530.50,517,1421.40,,,
17/12/2024,85,246.40,132,537.40,258,534.70,475,1318.50,,,
18/12/2024,67,191.20,160,591.70,253,498.85,480,1281.75,,,
19/12/2024,52,151.20,115,440.10,209,428.15,376,1019.45,,,
20/12/2024,84,249.60,129,510.10,171,365.25,384,1124.95,,,
21/12/2024,112,361.40,164,599.90,241,461.40,517,1422.70,,,
22/12/2024,130,386.50,199,798.20,286,572.20,615,1756.90,,,
23/12/2024,99,292.20,138,600.70,173,385.70,410,1278.60,,,
24/12/2024,38,108.00,70,263.80,84,167.55,192,539.35,,,
26/12/2024,115,361.30,168,733.30,220,465.15,503,1559.75,,,
27/12/2024,129,378.10,234,909.40,288,607.05,651,1894.55,,,
28/12/2024,172,487.20,284,1183.50,362,735.85,818,2406.55,,,
29/12/2024,156,469.00,244,982.90,340,749.40,740,2201.30,,,
30/12/2024,149,463.20,249,1078.70,302,668.00,700,2209.90,,,
31/12/2024,62,198.00,119,503.50,132,313.00,313,1014.50,,,
01/01/2025,113,340.50,183,788.50,202,412.90,498,1541.90,,,
02/01/2025,111,336.40,190,774.10,289,672.70,590,1783.20,,,
03/01/2025,151,437.90,265,1000.60,329,711.00,745,2149.50,,,
04/01/2025,129,371.80,233,914.10,294,596.85,656,1882.75,,,
05/01/2025,116,351.20,176,702.30,246,525.10,538,1578.60,,,
06/01/2025,101,290.70,135,622.20,158,362.50,394,1275.40,,,
07/01/2025,104,312.40,149,631.20,275,614.00,528,1557.60,,,
09/01/2025,57,170.50,123,515.30,207,396.90,387,1082.70,,,
10/01/2025,85,264.20,135,550.30,168,355.65,388,1170.15,,,
11/01/2025,124,365.80,160,643.80,261,496.70,545,1506.30,,,
12/01/2025,115,339.50,219,885.10,302,636.40,636,1861.00,,,
13/01/2025,70,207.70,138,553.00,203,481.55,411,1242.25,,,
14/01/2025,53,149.10,141,519.90,220,479.60,414,1148.60,,,
15/01/2025,101,278.80,148,584.80,223,470.10,472,1333.70,,,
16/01/2025,73,211.00,103,423.60,177,360.25,353,994.85,,,
17/01/2025,79,246.10,134,507.80,272,540.00,485,1293.90,,,
18/01/2025,107,333.80,219,863.20,334,664.80,660,1861.80,,,
19/01/2025,97,282.00,230,898.20,325,696.15,652,1876.35,,,
20/01/2025,71,203.30,142,543.50,202,442.75,415,1189.55,,,
21/01/2025,67,214.50,113,431.20,186,397.40,366,1043.10,,,
22/01/2025,50,147.70,101,398.00,186,407.50,337,953.20,,,
23/01/2025,87,254.40,139,584.00,226,441.10,452,1279.50,,,
24/01/2025,119,354.50,153,620.30,242,491.15,514,1465.95,,,
25/01/2025,122,354.90,231,901.50,382,756.90,735,2013.30,,,
26/01/2025,149,448.80,205,784.20,300,649.80,654,1882.80,,,
27/01/2025,66,193.20,97,385.30,201,413.10,364,991.60,,,
28/01/2025,79,246.60,119,472.10,241,465.05,439,1183.75,,,
29/01/2025,76,221.20,97,392.10,184,411.65,357,1024.95,,,
30/01/2025,80,237.10,122,485.70,208,438.30,410,1161.10,,,
31/01/2025,102,278.40,199,749.10,327,625.85,628,1653.35,,,
01/02/2025,140,413.80,244,947.32,411,783.91,795,2145.03,,,
02/02/2025,149,448.00,243,1028.50,360,694.25,752,2170.75,,,
03/02/2025,78,233.40,147,608.40,186,410.50,411,1252.30,,,
04/02/2025,84,246.00,142,592.80,212,446.55,438,1285.35,,,
05/02/2025,77,220.50,127,495.40,234,455.35,438,1171.25,,,
06/02/2025,110,338.90,175,742.20,230,510.55,515,1591.65,,,
07/02/2025,144,418.50,235,918.10,313,656.40,692,1993.00,,,
08/02/2025,142,414.80,273,1075.90,420,776.15,835,2266.85,,,
09/02/2025,166,496.50,277,1132.00,393,725.80,836,2354.30,,,
10/02/2025,78,254.80,152,638.60,196,391.35,426,1284.75,,,
11/02/2025,89,293.40,102,417.10,247,575.50,438,1286.00,,,
12/02/2025,70,222.30,129,538.80,222,476.75,421,1237.85,,,
13/02/2025,98,302.60,127,551.30,244,568.20,469,1422.10,,,
14/02/2025,92,282.50,153,669.40,235,482.60,480,1434.50,,,
15/02/2025,162,514.60,242,1097.10,332,768.90,736,2380.60,,,
16/02/2025,149,470.90,224,1020.90,354,749.60,727,2241.40,,,
17/02/2025,70,228.00,129,579.00,223,560.15,422,1367.15,,,
18/02/2025,81,269.00,124,556.50,205,475.80,410,1301.30,,,
19/02/2025,71,226.50,152,670.70,211,453.20,434,1350.40,,,
20/02/2025,60,204.60,121,511.80,177,389.20,358,1105.60,,,
21/02/2025,101,320.70,179,764.80,267,552.15,547,1637.65,,,
22/02/2025,154,531.00,253,1046.70,336,721.65,743,2299.35,,,
23/02/2025,154,509.90,286,1314.90,373,732.51,813,2557.31,,,
24/02/2025,101,326.20,157,691.30,249,575.15,507,1592.65,,,
25/02/2025,72,229.60,119,519.80,204,464.50,395,1213.90,,,
26/02/2025,68,220.40,122,502.70,197,438.80,387,1161.90,,,
27/02/2025,81,259.90,149,636.10,249,576.80,479,1472.80,,,
28/02/2025,113,343.00,200,913.30,257,638.05,570,1894.35,,,
01/03/2025,140,474.20,303,1269.30,394,900.55,837,2644.05,,,
02/03/2025,182,615.50,274,1199.20,287,650.35,743,2465.05,,,
03/03/2025,147,475.10,289,1335.20,315,802.95,751,2613.25,,,
04/03/2025,99,317.50,181,803.80,272,637.40,552,1758.70,,,
05/03/2025,100,321.60,157,659.40,227,557.90,484,1538.90,,,
06/03/2025,85,271.90,135,567.40,224,574.95,444,1414.25,,,
07/03/2025,118,386.30,204,944.10,299,695.05,621,2025.45,,,
08/03/2025,130,426.40,225,883.90,380,818.45,735,2128.75,,,
09/03/2025,152,492.30,240,1028.10,278,609.20,670,2129.60,,,
10/03/2025,72,237.60,118,539.20,188,470.90,378,1247.70,,,
11/03/2025,78,250.10,149,658.30,198,438.15,425,1346.55,,,
12/03/2025,97,307.20,161,675.70,249,589.85,507,1572.75,,,
13/03/2025,86,288.70,169,801.10,261,590.40,516,1680.20,,,
14/03/2025,93,294.00,166,793.10,217,531.30,476,1618.40,,,
15/03/2025,135,441.60,255,1076.80,356,749.50,746,2267.90,,,
16/03/2025,126,423.70,213,953.90,301,665.80,640,2043.40,,,
17/03/2025,91,291.10,147,684.30,212,477.35,450,1452.75,,,
18/03/2025,77,242.40,145,620.00,206,477.75,428,1340.15,,,
19/03/2025,81,268.70,132,641.00,196,476.00,409,1385.70,,,
20/03/2025,102,315.10,162,692.50,203,465.25,467,1472.85,,,
21/03/2025,86,266.10,153,672.60,200,481.90,439,1420.60,,,
22/03/2025,139,464.90,292,1345.00,360,803.50,791,2613.40,,,
23/03/2025,160,516.90,303,1332.80,357,764.65,820,2614.35,,,
24/03/2025,88,298.70,190,889.00,276,705.80,554,1893.50,,,
25/03/2025,96,313.40,154,660.00,285,650.40,535,1623.80,,,
26/03/2025,75,237.20,128,594.10,199,485.70,402,1317.00,,,
27/03/2025,95,307.10,138,602.80,243,555.55,476,1465.45,,,
28/03/2025,135,445.10,171,809.90,269,552.35,575,1807.35,,,
29/03/2025,161,510.10,257,1145.80,357,728.15,775,2384.05,,,
30/03/2025,143,441.60,263,1123.70,387,872.15,793,2437.45,,,
31/03/2025,96,309.00,177,886.60,242,579.55,515,1775.15,,,
01/04/2025,80,249.10,134,560.50,244,565.50,458,1375.10,,,
02/04/2025,72,229.80,151,694.20,210,455.21,433,1379.21,,,
03/04/2025,94,301.40,169,732.30,226,527.05,489,1560.75,,,
04/04/2025,98,315.50,186,844.90,271,632.55,555,1792.95,,,
05/04/2025,217,689.50,324,1444.90,571,1166.55,1112,3300.95,,,
06/04/2025,196,619.10,307,1398.00,412,957.10,915,2974.20,,,
07/04/2025,147,480.70,223,1018.00,298,713.85,668,2212.55,,,
08/04/2025,104,330.95,206,926.30,270,587.90,580,1845.15,,,
09/04/2025,108,347.70,148,689.60,166,404.95,422,1442.25,,,
10/04/2025,89,280.10,186,886.65,250,560.25,525,1727.00,,,
11/04/2025,110,343.10,163,732.70,246,528.05,519,1603.85,,,
12/04/2025,117,394.90,234,1020.90,319,756.55,670,2172.35,,,
13/04/2025,134,435.80,282,1376.20,337,760.10,753,2572.10,,,
14/04/2025,165,520.60,281,1265.30,276,635.40,722,2421.30,,,
15/04/2025,126,410.30,247,1074.80,297,736.75,670,2221.85,,,
16/04/2025,139,440.70,233,1046.70,268,675.90,640,2163.30,,,
17/04/2025,149,491.10,285,1282.10,351,836.70,785,2609.90,,,
18/04/2025,176,580.40,295,1299.10,389,931.05,860,2810.55,,,
19/04/2025,150,481.00,305,1292.00,406,920.60,861,2693.60,,,
20/04/2025,141,477.50,303,1305.80,373,817.25,817,2600.55,,,
21/04/2025,106,347.30,215,1024.70,258,581.35,579,1953.35,,,
22/04/2025,111,350.60,179,831.50,249,584.75,539,1766.85,,,
23/04/2025,124,395.80,190,896.30,260,647.50,574,1939.60,,,
24/04/2025,118,367.80,231,1060.60,285,673.45,634,2101.85,,,
25/04/2025,132,402.20,242,1077.40,295,659.30,669,2138.90,,,
26/04/2025,145,461.90,324,1451.70,436,925.55,905,2839.15,,,
27/04/2025,141,464.80,287,1389.10,350,790.35,778,2644.25,,,
28/04/2025,44,154.10,158,633.70,201,443.40,403,1231.20,,,
29/04/2025,87,309.40,169,736.30,212,444.60,468,1490.30,,,
30/04/2025,87,261.20,201,966.30,250,583.10,538,1810.60,,,
01/05/2025,133,430.50,237,1067.60,291,712.70,661,2210.80,,,
02/05/2025,150,496.00,257,1217.30,335,776.90,742,2490.20,,,
03/05/2025,135,438.30,291,1358.70,340,780.75,766,2577.75,,,
04/05/2025,136,432.60,273,1303.40,319,740.50,728,2476.50,,,
05/05/2025,95,320.00,171,757.20,241,554.60,507,1631.80,,,
06/05/2025,120,396.00,186,901.40,258,609.85,564,1907.25,,,
07/05/2025,101,339.00,180,777.10,267,611.15,548,1727.25,,,
08/05/2025,91,276.50,190,861.30,308,666.15,589,1803.95,,,
09/05/2025,123,401.80,197,927.40,280,612.30,600,1941.50,,,
10/05/2025,141,454.30,292,1342.10,396,912.90,829,2709.30,,,
11/05/2025,164,524.30,253,1143.40,351,704.45,768,2372.15,,,
12/05/2025,98,306.10,180,756.80,272,701.10,550,1764.00,,,
13/05/2025,82,265.30,152,633.20,274,585.40,508,1483.90,,,
14/05/2025,58,177.50,148,713.60,225,513.40,431,1404.50,,,
15/05/2025,109,359.50,190,904.90,245,617.95,544,1882.35,,,
16/05/2025,108,335.10,163,833.60,203,494.30,474,1663.00,,,
17/05/2025,121,395.80,261,1119.30,310,751.00,692,2266.10,,,
18/05/2025,129,427.60,230,1072.30,278,637.15,637,2137.05,,,
19/05/2025,100,318.00,190,851.10,276,695.85,566,1864.95,,,
20/05/2025,83,279.90,153,668.60,239,548.10,475,1496.60,,,
21/05/2025,96,326.70,187,805.40,312,679.10,595,1811.20,,,
22/05/2025,107,335.80,214,1007.90,326,706.25,647,2049.95,,,
23/05/2025,102,352.70,233,1069.30,348,717.90,683,2139.90,,,
24/05/2025,129,430.00,241,1035.90,361,769.85,731,2235.75,,,
25/05/2025,185,609.80,293,1417.15,326,783.65,804,2810.60,,,
26/05/2025,104,322.30,175,839.50,233,577.90,512,1739.70,,,
27/05/2025,79,245.70,146,615.00,231,517.25,456,1377.95,,,
28/05/2025,70,231.90,132,632.40,218,502.20,420,1366.50,,,
29/05/2025,122,374.10,157,709.70,206,454.70,485,1538.50,,,
30/05/2025,167,527.10,202,1037.40,257,580.70,626,2145.20,,,
31/05/2025,146,465.40,332,1582.60,311,715.95,789,2763.95,,,
01/06/2025,176,563.90,296,1460.60,307,712.75,779,2737.25,,,
02/06/2025,94,283.30,172,842.90,242,577.40,508,1703.60,,,
03/06/2025,74,244.00,143,606.60,208,442.75,425,1293.35,,,
04/06/2025,78,239.00,113,520.40,206,474.55,397,1233.95,,,
05/06/2025,94,283.70,152,741.20,224,530.50,470,1555.40,,,
06/06/2025,100,337.20,164,736.10,267,543.75,531,1617.05,,,
07/06/2025,203,638.30,280,1231.55,301,701.97,784,2571.82,,,
08/06/2025,139,461.80,263,1302.10,264,616.90,666,2380.80,,,
09/06/2025,117,352.60,221,1060.80,248,604.45,586,2017.85,,,
10/06/2025,119,375.40,157,708.60,266,623.70,542,1707.70,,,
11/06/2025,100,328.90,164,767.70,201,516.75,465,1613.35,,,
12/06/2025,99,330.30,191,922.20,247,578.10,537,1830.60,,,
13/06/2025,113,359.40,176,838.80,227,513.90,516,1712.10,,,
14/06/2025,160,526.80,264,1092.80,307,711.50,731,2331.10,,,
15/06/2025,113,376.60,232,1098.40,238,578.45,583,2053.45,,,
16/06/2025,85,264.90,167,807.20,190,500.15,442,1572.25,,,
17/06/2025,108,354.30,132,583.20,195,444.15,435,1381.65,,,
18/06/2025,93,299.40,146,668.20,229,551.55,468,1519.15,,,
19/06/2025,109,338.10,160,762.80,152,376.60,421,1477.50,,,
20/06/2025,102,344.10,170,799.00,191,468.60,463,1611.70,,,
21/06/2025,138,438.00,263,1224.60,232,496.25,633,2158.85,,,
22/06/2025,134,442.50,253,1132.60,256,588.65,643,2163.75,,,
23/06/2025,110,346.60,178,866.10,142,354.45,430,1567.15,,,
24/06/2025,100,312.30,149,699.00,187,480.40,436,1491.70,,,
25/06/2025,83,263.10,144,640.20,185,432.50,412,1335.80,,,
26/06/2025,59,187.00,152,650.00,198,425.50,409,1262.50,,,
27/06/2025,66,216.70,118,512.30,136,354.40,320,1083.40,,,
28/06/2025,135,431.90,226,1071.20,229,587.20,590,2090.30,,,
29/06/2025,128,412.70,217,1093.20,193,503.50,538,2009.40,,,
30/06/2025,106,349.50,163,759.80,131,316.85,400,1426.15,,,
01/07/2025,78,246.20,168,760.50,191,506.00,437,1512.70,,,
02/07/2025,79,264.50,150,686.80,168,385.20,397,1336.50,,,
03/07/2025,75,255.60,121,501.60,164,307.45,360,1064.65,,,
04/07/2025,77,236.80,147,691.50,130,369.80,354,1298.10,,,
05/07/2025,324,1170.20,286,1370.40,258,643.10,868,3183.70,,,
06/07/2025,110,358.20,204,1039.80,178,456.25,492,1854.25,,,
07/07/2025,94,314.90,189,896.20,163,413.40,446,1624.50,,,
08/07/2025,83,277.30,160,681.50,197,487.30,440,1446.10,,,
09/07/2025,101,320.40,153,691.00,165,353.45,419,1364.85,,,
10/07/2025,97,294.80,151,699.50,204,417.50,452,1411.80,,,
11/07/2025,70,216.70,151,723.70,167,420.10,388,1360.50,,,
12/07/2025,89,307.50,188,855.50,206,459.60,483,1622.60,,,
13/07/2025,136,473.90,218,1014.20,201,520.50,555,2008.60,,,
14/07/2025,65,222.30,152,722.20,130,302.25,347,1246.75,,,
15/07/2025,78,262.70,128,613.00,144,331.00,350,1206.70,,,
16/07/2025,62,201.60,111,492.80,115,268.25,288,962.65,,,
17/07/2025,46,141.00,97,429.80,108,269.25,251,840.05,,,
18/07/2025,48,155.00,102,491.80,105,255.20,255,902.00,,,
19/07/2025,101,335.50,163,750.70,178,411.30,442,1497.50,,,
20/07/2025,103,327.90,189,886.60,177,442.95,469,1657.45,,,
21/07/2025,51,168.70,123,657.50,126,234.40,300,1060.60,,,
22/07/2025,56,177.20,100,440.40,131,302.45,287,920.05,,,
23/07/2025,67,226.70,122,547.70,146,297.85,335,1072.25,,,
24/07/2025,34,107.80,71,318.20,97,246.10,202,672.10,,,
26/07/2025,70,243.90,128,603.40,126,268.30,324,1115.60,,,
27/07/2025,76,236.50,155,700.10,130,311.40,361,1248.00,,,
28/07/2025,29,89.80,72,318.70,89,188.65,190,597.15,,,
29/07/2025,38,115.20,92,455.50,133,301.25,263,871.95,,,
30/07/2025,42,125.60,98,447.90,120,275.10,260,848.60,,,
31/07/2025,18,63.70,74,356.60,102,213.30,194,633.60,,,
01/08/2025,33,100.60,56,280.20,101,197.70,190,578.50,,,
02/08/2025,93,300.30,167,857.10,196,472.40,456,1629.80,,,
03/08/2025,111,355.50,172,809.15,193,487.70,476,1652.35,,,
04/08/2025,46,139.80,88,424.30,95,221.15,229,785.25,,,
05/08/2025,38,117.90,87,417.30,81,228.90,206,764.10,,,
06/08/2025,56,171.60,95,471.80,94,291.95,245,935.35,,,
07/08/2025,22,80.10,92,387.60,112,272.60,226,740.30,,,
08/08/2025,37,123.90,81,401.50,76,216.70,194,742.10,,,
09/08/2025,72,238.90,126,578.30,134,288.45,332,1105.65,,,
10/08/2025,81,255.50,143,643.75,124,298.70,348,1197.95,,,
11/08/2025,50,160.40,96,459.50,84,225.90,230,845.80,,,
12/08/2025,48,150.00,104,500.80,90,206.70,242,857.50,,,
13/08/2025,44,144.30,84,390.40,96,219.70,224,754.40,,,
14/08/2025,35,112.70,87,414.60,110,238.35,232,765.65,,,
15/08/2025,39,141.20,63,288.30,78,156.55,180,586.05,,,
16/08/2025,71,213.90,118,539.50,126,315.10,315,1068.50,,,
17/08/2025,75,245.80,107,484.80,118,313.25,300,1043.85,,,
18/08/2025,73,254.30,127,631.50,129,291.70,329,1177.50,,,
19/08/2025,45,147.50,126,602.10,151,366.55,322,1116.15,,,
20/08/2025,40,121.30,101,459.70,124,284.45,265,865.45,,,
21/08/2025,42,126.60,112,546.30,118,276.60,272,949.50,,,
22/08/2025,67,229.50,112,503.80,111,269.75,290,1003.05,,,
23/08/2025,77,242.60,145,691.00,146,356.80,368,1290.40,,,
24/08/2025,102,342.70,162,757.90,157,376.60,421,1477.20,,,
25/08/2025,71,238.80,145,669.80,158,337.05,374,1245.65,,,
26/08/2025,69,216.60,123,509.30,137,338.10,329,1064.00,,,
27/08/2025,69,244.00,143,607.80,167,373.55,379,1225.35,,,
28/08/2025,49,159.80,115,509.10,146,323.05,310,991.95,,,
29/08/2025,52,161.70,131,645.95,172,371.40,355,1179.05,,,
30/08/2025,64,197.70,150,732.90,156,331.40,370,1262.00,,,
31/08/2025,84,277.50,146,641.60,165,373.65,395,1292.75,,,
01/09/2025,73,218.70,139,691.60,150,343.05,362,1253.35,,,
02/09/2025,65,218.80,139,620.90,212,528.10,416,1367.80,,,
03/09/2025,80,252.00,112,519.70,157,349.80,349,1121.50,,,
04/09/2025,120,371.50,240,1010.10,346,827.95,706,2209.55,,,
06/09/2025,95,301.00,187,878.80,202,509.50,484,1689.30,,,
07/09/2025,133,427.30,239,1141.00,243,611.50,615,2179.80,,,
08/09/2025,89,294.80,135,631.40,182,467.25,406,1393.45,,,
09/09/2025,58,190.50,150,681.50,199,502.20,407,1374.20,,,
10/09/2025,93,322.30,173,819.30,248,604.40,514,1746.00,,,
11/09/2025,92,294.60,194,920.30,280,654.65,566,1869.55,,,
12/09/2025,104,339.20,224,1115.50,225,574.50,553,2029.20,,,
13/09/2025,83,281.30,205,979.90,191,417.00,479,1678.20,,,
14/09/2025,176,529.70,271,1241.70,335,815.70,782,2587.10,,,
15/09/2025,71,247.60,157,758.90,186,434.40,414,1440.90,,,
16/09/2025,93,278.30,157,708.80,235,532.50,485,1519.60,,,
17/09/2025,67,204.50,132,615.20,213,484.65,412,1304.35,,,
18/09/2025,76,235.10,157,728.50,187,482.40,420,1446.00,,,
19/09/2025,104,327.10,169,820.70,218,524.10,491,1671.90,,,
20/09/2025,128,420.20,222,1041.50,243,539.45,593,2001.15,,,
21/09/2025,146,486.80,276,1273.90,326,740.90,748,2501.60,,,
22/09/2025,105,335.00,215,985.80,245,596.55,565,1917.35,,,
23/09/2025,120,388.90,231,1075.10,370,737.25,721,2201.25,,,
24/09/2025,86,281.00,207,923.30,320,678.80,613,1883.10,,,
25/09/2025,95,306.30,160,682.90,229,533.70,484,1522.90,,,
26/09/2025,108,352.30,183,843.60,250,542.25,541,1738.15,,,
27/09/2025,146,481.90,264,1282.00,327,756.30,737,2520.20,,,
28/09/2025,125,420.20,206,934.10,314,701.50,645,2055.80,,,
29/09/2025,125,429.20,217,1038.50,342,786.05,684,2253.75,,,
30/09/2025,87,273.30,191,927.20,274,609.40,552,1809.90,,,
01/10/2025,83,258.40,165,794.00,252,581.70,500,1634.10,,,
